study_hours,attendance_pct,prev_gpa,assignments_done,sleep_hours,part_time_job,internet_access,tutoring,family_support,stress_level,gender,major,final_grade
7.7,74.0,2.99,7,5.2,1,0,0,4,1,Female,CS,67.9
4.4,73.1,3.48,3,8.8,0,0,1,5,3,Female,CS,63.0
8.6,89.7,3.38,2,4.6,0,1,0,1,4,Female,Physics,66.0
7.0,82.6,3.73,1,7.7,0,0,0,2,1,Female,EE,72.5
0.9,41.6,3.51,0,8.5,0,1,0,1,2,Male,CS,42.5
9.8,43.0,2.12,5,8.5,1,0,0,3,4,Male,BBA,41.5
7.6,76.1,2.89,10,5.1,0,1,1,3,5,Female,CS,68.3
7.9,69.2,2.24,2,4.4,0,1,0,1,2,Male,CS,40.7
1.3,55.6,2.32,4,6.7,0,0,1,4,5,Female,BBA,29.0
4.5,65.1,3.83,10,5.2,1,0,0,1,1,Female,BBA,59.3
3.7,85.5,3.2,8,8.2,0,1,0,4,3,Male,BBA,65.0
9.3,89.6,3.94,0,6.1,1,1,0,4,5,Female,BBA,67.1
6.4,73.7,2.54,5,6.7,0,1,1,5,3,Male,CS,67.2
8.2,63.1,2.84,1,4.7,0,0,0,1,3,Female,EE,46.5
4.4,56.2,2.72,2,7.4,1,1,0,5,1,Male,EE,45.8
2.3,71.3,1.77,2,5.1,0,0,0,3,3,Male,EE,15.2
5.5,58.9,2.09,6,8.1,0,1,0,5,3,Female,BBA,48.7
0.6,73.8,2.82,2,4.4,1,1,0,4,5,Male,EE,20.7
8.3,80.6,1.67,2,9.9,0,1,1,4,2,Male,Mathematics,54.7
6.3,44.0,3.83,2,8.1,0,1,0,1,2,Male,Physics,69.8
7.6,40.1,1.81,3,5.1,0,1,0,4,4,Female,Mathematics,38.5
3.5,52.7,1.99,7,4.1,0,1,0,3,5,Male,EE,29.5
9.7,93.7,3.41,4,6.0,1,0,0,5,2,Male,BBA,93.0
8.9,78.8,1.74,3,4.9,0,1,0,4,4,Male,BBA,44.3
7.8,50.3,3.75,5,5.3,1,0,1,1,5,Female,Mathematics,63.5
1.9,93.4,3.31,6,9.2,0,1,0,5,4,Male,EE,55.2
4.7,68.2,1.67,0,7.6,1,1,1,1,3,Male,CS,24.0
0.4,68.6,3.23,9,5.1,1,1,0,2,2,Female,Mathematics,39.3
1.5,96.1,3.08,10,7.3,1,1,1,2,2,Male,Mathematics,63.5
6.8,43.6,3.39,6,5.5,0,1,0,5,1,Female,CS,67.6
7.4,52.9,3.57,6,9.9,0,1,1,1,1,Male,Mathematics,75.4
9.7,75.1,3.3,7,4.2,0,0,0,5,3,Female,CS,83.1
3.3,51.7,2.97,4,8.4,1,1,0,2,1,Male,Mathematics,40.0
3.7,80.8,2.31,4,8.6,0,1,0,4,1,Female,Mathematics,52.7
4.7,52.8,3.24,3,4.4,1,1,0,1,4,Female,CS,42.1
1.9,45.9,3.89,1,5.0,0,1,0,2,1,Male,Mathematics,39.4
1.3,52.4,2.97,9,6.3,1,0,0,4,1,Male,CS,40.2
4.8,65.4,3.16,3,9.2,0,1,1,4,3,Male,EE,60.8
2.3,50.6,2.59,3,7.2,1,1,1,5,5,Male,Mathematics,34.0
6.7,48.1,3.39,10,7.9,0,1,0,5,4,Female,EE,77.4
4.4,91.6,3.99,5,8.7,0,0,1,3,1,Male,Physics,80.5
8.3,59.2,1.9,6,9.0,1,1,0,2,1,Female,Physics,48.8
7.0,61.6,2.01,2,6.9,1,1,0,2,4,Male,Physics,29.3
3.1,43.3,2.85,3,7.1,1,1,0,5,4,Female,CS,34.7
8.3,61.4,2.7,8,8.3,1,1,0,4,2,Female,CS,63.8
8.0,55.9,2.93,4,5.6,0,0,0,5,5,Female,CS,53.4
3.9,76.6,1.62,1,9.1,1,0,0,3,5,Female,BBA,19.4
2.9,52.3,2.51,9,4.1,0,0,0,3,4,Female,BBA,40.5
6.8,93.3,2.96,4,5.2,0,1,0,5,4,Female,Mathematics,63.1
1.4,95.8,2.96,7,8.8,0,1,1,4,4,Female,EE,56.7
2.0,46.0,3.14,3,6.0,0,1,0,2,1,Male,CS,42.6
0.1,46.4,3.3,6,4.9,0,1,1,3,4,Female,Mathematics,26.4
7.9,46.9,3.1,8,5.1,1,1,0,2,5,Female,Mathematics,50.6
6.6,77.2,3.48,9,7.2,0,1,0,4,2,Female,Mathematics,75.4
7.1,47.3,3.06,2,9.1,1,1,0,1,1,Female,EE,55.9
7.8,91.1,2.84,7,4.4,0,1,1,5,2,Male,BBA,77.0
4.6,85.3,3.02,10,4.2,0,1,0,5,2,Male,Physics,67.9
5.7,89.2,1.75,7,6.8,0,1,0,1,5,Male,Mathematics,43.4
1.4,71.6,2.18,1,9.7,0,1,1,4,3,Male,Physics,32.8
1.1,99.8,2.82,2,5.7,0,1,1,1,4,Male,BBA,41.4
6.7,42.7,3.68,2,9.8,1,1,0,2,5,Male,CS,50.7
4.7,64.1,3.2,1,9.3,0,1,0,2,4,Female,Mathematics,46.6
5.7,59.4,1.73,8,5.7,0,0,0,3,4,Female,BBA,36.0
7.6,96.9,2.98,10,8.9,1,1,0,5,5,Female,CS,71.5
6.3,74.6,2.05,5,8.1,0,1,1,3,4,Male,CS,47.0
5.5,88.4,3.34,6,7.1,1,1,0,2,2,Male,EE,65.6
5.6,50.2,3.57,8,6.5,1,1,0,1,4,Female,CS,56.7
3.0,98.7,2.98,4,8.9,0,1,0,5,2,Male,Mathematics,56.5
0.3,69.9,2.98,5,8.8,0,0,0,2,2,Female,Mathematics,44.8
4.4,69.6,2.35,6,8.5,0,1,0,3,4,Female,EE,50.0
2.1,98.3,2.62,3,10.0,0,1,0,1,2,Female,CS,53.3
4.1,62.8,3.66,0,6.9,0,1,0,2,1,Male,CS,56.0
8.5,63.9,3.31,6,8.8,1,1,0,3,5,Female,Physics,67.2
2.3,75.1,2.8,9,9.2,0,1,0,5,3,Female,EE,68.2
0.6,47.7,2.42,0,5.3,1,1,0,2,4,Male,CS,8.4
2.8,59.3,1.63,2,4.3,0,0,0,3,5,Male,Mathematics,9.2
2.9,51.6,1.86,2,6.4,0,1,0,5,4,Female,Physics,17.4
6.6,46.2,1.98,8,9.1,0,1,1,2,4,Male,CS,56.6
5.6,92.0,2.43,5,5.7,0,0,1,2,4,Female,Physics,62.0
7.8,75.4,3.86,5,8.2,1,1,1,1,2,Male,Mathematics,73.8
6.6,61.5,2.76,7,4.0,0,1,0,5,5,Female,EE,52.2
4.1,64.5,2.09,3,6.1,0,1,0,1,4,Male,Mathematics,29.2
8.1,65.9,1.76,7,7.7,0,1,0,2,1,Male,BBA,60.8
1.7,78.0,2.35,0,4.8,0,1,1,1,1,Male,Mathematics,28.3
0.2,95.6,3.54,1,9.4,1,1,0,4,5,Male,CS,34.6
0.9,96.0,2.46,8,4.9,1,1,0,2,5,Male,EE,46.0
7.2,63.5,3.43,7,9.5,1,1,0,4,5,Female,Mathematics,66.8
4.6,59.8,3.51,1,5.3,0,1,0,4,1,Male,Physics,58.4
1.6,67.1,1.78,4,10.0,0,1,1,1,5,Male,CS,25.6
5.0,74.1,3.02,0,7.6,1,1,0,2,5,Male,EE,41.7
1.5,67.7,3.9,7,4.5,0,1,0,1,4,Female,Mathematics,46.6
7.0,79.5,2.51,8,4.4,1,0,1,1,3,Female,Physics,51.5
4.5,73.3,1.63,3,4.4,0,1,0,3,3,Female,Mathematics,31.9
3.8,59.2,3.81,3,7.5,0,1,0,2,3,Male,Mathematics,46.1
3.0,60.7,3.71,2,8.9,1,1,0,1,1,Female,EE,48.7
6.3,62.7,2.81,4,6.4,0,1,0,3,3,Male,CS,52.1
3.6,45.7,2.88,2,6.7,1,1,0,3,2,Female,Mathematics,33.8
0.9,50.0,2.03,2,7.5,0,0,0,5,2,Male,Mathematics,20.0
1.2,83.4,3.55,4,7.2,0,1,1,4,1,Female,BBA,59.0
9.6,63.3,2.75,9,8.1,0,1,0,2,3,Female,BBA,64.0
9.1,52.9,1.58,8,6.8,0,1,0,3,1,Male,EE,55.1
7.0,73.8,3.21,3,8.3,0,1,0,1,5,Female,BBA,56.3
2.7,85.3,3.88,10,10.0,0,1,1,2,5,Male,EE,68.8
9.7,55.4,3.57,2,6.1,0,0,0,3,5,Female,BBA,63.1
7.8,89.6,2.19,10,4.1,1,1,1,1,2,Female,CS,62.6
7.2,95.7,1.63,3,4.8,0,1,0,5,1,Female,Mathematics,51.4
4.5,75.8,3.85,5,7.3,0,0,0,3,3,Female,EE,56.4
2.7,80.1,3.84,2,6.1,0,1,1,4,4,Male,Mathematics,64.0
1.0,43.2,2.83,8,9.6,1,1,0,2,1,Male,BBA,33.4
9.0,96.7,3.11,3,7.8,0,0,0,5,5,Female,Physics,72.2
4.6,63.5,2.66,9,7.1,0,0,1,2,3,Male,EE,52.2
2.0,95.4,2.55,0,8.8,0,1,0,5,5,Male,EE,38.2
3.1,74.7,1.8,5,5.6,0,1,0,3,1,Male,EE,43.4
5.8,40.3,1.74,1,8.9,0,1,1,4,3,Female,Mathematics,36.2
1.8,42.3,2.08,9,4.0,0,1,1,2,3,Male,CS,37.8
8.6,80.8,3.59,4,7.7,1,1,1,5,1,Male,Mathematics,85.0
7.6,73.8,1.86,7,9.6,0,1,1,1,4,Male,Physics,57.1
7.2,41.6,2.07,9,8.7,0,1,0,1,5,Male,Mathematics,36.3
4.3,84.6,2.87,5,9.1,0,1,1,3,3,Female,CS,61.2
6.3,91.1,2.04,0,6.4,0,1,0,5,2,Female,BBA,48.2
5.8,69.8,1.91,2,8.9,0,1,0,5,4,Female,BBA,47.2
6.5,67.9,2.91,2,7.3,0,1,0,5,2,Female,EE,57.1
0.8,40.3,2.42,10,7.7,0,1,1,3,2,Male,BBA,43.4
4.2,87.2,3.07,9,4.4,1,0,0,5,4,Female,Mathematics,58.3
0.4,59.8,3.78,5,5.2,0,1,1,3,3,Male,Physics,57.3
4.9,92.7,1.88,9,7.3,1,1,0,3,2,Male,EE,50.9
3.3,62.4,3.78,2,4.4,0,0,0,1,3,Male,EE,50.9
1.4,73.9,3.76,7,8.4,0,1,0,4,5,Male,EE,50.9
1.0,56.2,3.57,4,9.0,1,1,0,2,3,Female,BBA,34.2
5.9,49.6,3.08,2,9.5,1,1,0,1,1,Male,BBA,37.7
1.7,86.5,3.05,2,4.6,0,1,0,2,5,Female,Mathematics,42.3
9.3,69.8,3.1,4,9.6,1,1,0,4,4,Male,EE,69.2
5.8,72.2,3.23,3,4.4,0,1,0,2,2,Male,EE,61.8
3.5,97.9,1.54,2,6.8,0,1,0,2,5,Male,CS,26.0
5.9,97.8,3.9,3,9.0,1,0,0,2,5,Male,CS,62.5
0.2,91.3,2.96,1,4.4,1,1,0,3,5,Male,CS,28.1
9.6,51.3,3.45,10,4.1,0,0,0,4,2,Female,EE,85.4
4.8,75.7,2.44,4,4.1,0,1,0,4,5,Female,Mathematics,50.7
7.8,92.7,1.53,1,7.1,0,1,0,1,5,Female,Mathematics,42.0
0.8,62.5,2.77,6,8.9,0,1,0,2,5,Male,Physics,37.6
4.9,46.1,2.77,9,4.8,1,1,0,4,3,Female,BBA,53.2
4.9,88.7,2.59,3,4.7,0,1,0,2,2,Female,BBA,50.1
9.4,68.9,2.35,9,7.4,0,0,0,1,2,Male,Physics,63.7
5.7,73.9,2.12,6,5.4,0,0,0,2,5,Female,CS,40.0
4.7,98.9,2.82,8,8.4,0,0,0,4,3,Female,Mathematics,62.4
2.7,76.4,2.44,3,9.7,0,0,0,4,5,Female,Physics,36.6
3.3,65.5,3.92,0,8.6,1,1,1,1,3,Male,BBA,46.5
5.2,62.2,1.93,3,9.3,0,1,0,4,3,Male,EE,45.1
4.4,65.1,2.3,10,7.1,1,1,0,1,1,Male,Mathematics,51.0
0.2,47.1,2.23,8,9.0,0,1,1,4,3,Male,Physics,43.2
8.3,87.7,2.86,8,5.1,0,0,0,3,3,Male,EE,63.7
9.0,90.3,2.75,9,4.4,0,1,0,1,1,Male,BBA,85.8
1.4,57.1,3.11,4,7.9,0,1,1,2,1,Male,CS,41.7
5.5,58.2,3.88,3,4.3,0,1,0,5,3,Female,EE,58.2
1.1,92.5,2.21,10,9.4,1,1,1,3,2,Male,Mathematics,48.5
6.7,41.4,3.23,6,8.1,1,0,0,4,4,Male,BBA,57.7
2.8,71.2,1.56,3,9.7,0,1,0,4,3,Male,CS,31.9
6.6,67.8,2.16,3,5.9,0,1,0,1,3,Male,EE,41.3
7.3,81.4,2.66,9,6.9,1,1,0,5,1,Female,CS,67.1
7.7,49.8,1.58,0,8.5,0,1,1,2,3,Female,Mathematics,29.2
1.1,80.1,3.04,0,5.5,1,0,0,4,3,Female,Physics,36.8
9.2,62.6,3.2,8,7.3,0,1,0,3,3,Female,CS,79.2
2.3,77.1,3.37,0,8.0,0,1,0,3,2,Male,EE,55.5
0.4,42.4,2.79,1,9.9,0,1,1,2,1,Female,Physics,35.5
5.5,67.7,3.01,10,8.5,1,1,0,5,5,Female,Physics,49.1
3.7,71.3,2.49,4,4.7,0,1,1,1,5,Male,Mathematics,33.6
8.3,52.9,1.6,8,6.9,1,1,0,5,5,Female,Mathematics,43.8
8.1,48.4,1.75,5,7.5,0,1,1,2,2,Female,Physics,46.6
3.2,51.3,3.14,0,4.9,0,1,0,5,4,Female,EE,35.0
9.5,60.6,3.99,2,6.6,1,1,0,1,1,Male,Physics,67.5
2.9,45.8,1.54,8,5.7,0,1,0,1,5,Male,Physics,24.6
5.2,96.8,2.89,1,4.7,0,1,0,1,1,Male,EE,57.7
2.6,64.3,3.38,6,7.1,0,1,0,3,3,Male,CS,56.3
9.4,88.5,3.57,3,5.0,1,1,0,2,5,Female,BBA,64.7
1.6,98.5,2.86,4,7.5,0,1,1,3,4,Male,Mathematics,53.6
0.4,44.8,3.05,10,5.0,0,1,1,5,5,Female,Physics,38.9
4.4,79.1,3.24,6,8.3,1,1,1,1,3,Male,CS,58.8
9.9,92.3,3.65,6,5.2,1,1,1,3,1,Male,EE,78.8
8.9,78.1,1.81,3,9.4,1,1,1,4,1,Female,Mathematics,50.9
7.5,65.7,3.82,4,4.2,1,1,0,3,1,Male,CS,67.5
8.9,65.9,1.57,7,7.1,1,1,0,5,1,Male,Mathematics,64.2
8.9,42.2,3.59,0,5.9,0,1,1,4,3,Male,EE,56.8
5.2,72.1,1.69,2,5.4,0,1,1,1,1,Male,CS,33.0
3.2,99.6,1.99,6,6.8,1,0,1,3,1,Female,EE,48.5
7.7,97.5,1.51,6,9.1,1,1,1,2,3,Female,Mathematics,61.8
6.6,42.4,2.61,1,9.5,1,1,0,1,4,Female,Physics,35.1
3.7,82.3,2.34,8,5.8,0,1,1,5,4,Female,CS,58.8
0.9,58.1,1.91,5,4.9,0,1,1,2,1,Male,BBA,28.8
7.5,94.2,2.63,2,8.3,0,1,0,1,5,Female,EE,53.1
2.6,42.7,2.51,8,7.5,0,1,1,2,3,Male,Mathematics,43.1
9.4,96.2,3.42,10,5.2,0,1,0,5,2,Male,Mathematics,92.1
2.4,90.2,3.73,4,8.6,1,1,1,3,2,Female,Physics,67.9
1.2,47.1,3.13,3,7.1,0,1,0,5,5,Male,EE,27.9
8.3,43.6,1.81,3,7.9,0,1,1,3,3,Female,EE,48.8
1.5,90.1,2.24,6,6.2,0,1,0,1,2,Female,EE,41.3
1.8,49.3,3.78,0,6.6,0,1,0,2,3,Male,Mathematics,40.0
6.0,72.1,1.72,5,5.1,1,1,0,1,1,Male,BBA,30.0
8.7,94.9,2.52,0,8.5,0,0,0,3,1,Female,CS,59.2
2.0,74.0,3.86,0,4.9,0,1,0,2,2,Female,Physics,55.4
3.1,63.8,3.88,4,8.7,0,0,1,5,2,Female,CS,66.0
7.8,66.7,2.53,8,8.8,0,1,0,2,2,Female,Physics,66.6
9.7,43.8,3.17,9,8.5,0,1,1,2,1,Male,CS,77.2
5.0,98.1,2.64,0,4.1,1,1,0,5,4,Male,BBA,44.0
1.4,58.6,3.38,2,5.6,1,1,0,3,1,Female,EE,33.7
0.1,51.4,1.58,4,6.8,0,1,1,1,2,Male,Mathematics,18.4
2.3,57.2,1.86,6,7.6,0,1,1,3,5,Female,BBA,32.6
1.3,97.9,3.04,10,9.5,0,1,0,2,1,Female,EE,68.1
6.8,45.7,2.08,7,6.3,0,1,1,4,2,Female,BBA,48.8
1.2,92.0,3.17,5,9.3,0,1,1,3,3,Male,Physics,57.5
5.1,82.5,2.38,0,5.0,1,1,0,4,2,Female,EE,42.2
6.9,89.8,3.72,0,6.2,0,0,1,5,2,Male,EE,74.3
5.8,98.6,3.55,1,4.3,1,1,1,4,1,Female,CS,68.4
2.0,90.5,2.73,7,8.5,0,1,0,2,3,Male,Mathematics,61.1
8.0,96.6,3.43,3,4.9,1,0,0,2,4,Female,Mathematics,59.2
7.2,47.6,2.18,2,5.5,0,1,0,3,3,Male,Mathematics,44.3
7.4,87.7,2.74,7,8.7,0,0,0,3,5,Male,CS,58.8
1.3,72.7,1.99,8,7.2,0,1,1,2,4,Male,Mathematics,40.7
1.2,72.6,3.65,4,4.1,1,0,1,5,4,Female,Physics,50.3
9.3,93.9,3.56,9,4.0,0,0,0,5,3,Male,Physics,86.6
4.0,98.3,3.76,8,7.1,0,1,0,2,4,Male,Physics,67.8
3.0,82.3,3.69,7,5.8,0,1,0,4,3,Male,EE,57.9
4.9,69.0,3.9,9,5.1,0,1,0,5,5,Male,Mathematics,69.0
6.6,67.4,2.07,2,7.7,0,1,1,1,3,Male,BBA,47.5
9.6,63.2,3.83,8,5.4,0,0,0,2,3,Male,BBA,75.4
2.9,61.7,2.93,10,7.6,0,1,0,4,1,Female,EE,61.3
9.2,63.5,2.56,10,6.3,0,1,0,3,5,Female,Mathematics,59.2
0.2,45.4,2.9,6,5.1,1,0,0,4,3,Female,Physics,26.1
5.6,44.6,2.36,8,4.8,1,1,1,3,4,Female,Mathematics,37.1
6.3,86.8,2.22,9,5.4,0,1,1,1,4,Male,Physics,59.2
1.1,66.8,2.1,9,4.2,0,1,0,3,1,Female,Physics,37.0
1.4,95.8,1.71,9,5.8,0,1,0,3,4,Male,CS,33.2
4.2,76.7,2.74,9,9.4,0,1,0,5,3,Female,Physics,61.1
9.7,42.1,3.72,4,9.0,0,1,0,1,2,Male,Physics,68.4
6.0,49.5,3.08,8,6.2,0,1,0,1,2,Male,BBA,52.5
9.3,52.3,2.8,4,7.5,0,1,0,1,4,Male,Mathematics,61.4
8.0,98.5,2.57,8,7.4,1,0,1,3,1,Female,Mathematics,72.9
4.7,53.1,2.66,8,9.0,0,0,0,5,4,Male,Mathematics,41.4
7.8,70.9,2.02,10,5.4,1,1,0,4,5,Female,Physics,49.0
0.2,96.2,3.56,6,5.8,0,1,0,5,1,Male,CS,67.7
1.1,98.6,2.0,5,5.8,0,1,1,5,1,Male,CS,44.8
8.3,54.2,3.29,1,4.2,0,1,0,4,1,Female,EE,69.4
8.0,42.9,3.4,7,5.9,1,1,0,4,4,Female,BBA,56.4
2.3,49.2,2.94,6,9.3,1,1,1,2,5,Female,Physics,40.8
5.3,43.8,3.66,5,9.5,0,1,0,5,5,Female,Mathematics,64.6
6.1,51.7,2.23,7,4.7,0,1,1,4,1,Female,CS,56.9
8.7,74.1,3.7,9,6.7,0,0,0,5,3,Male,Mathematics,79.7
6.0,94.7,3.32,1,6.3,0,1,1,5,1,Female,BBA,70.2
4.1,72.2,3.5,4,6.9,0,1,1,2,2,Female,EE,69.3
3.7,77.6,3.16,7,7.3,0,1,0,1,2,Male,Mathematics,56.2
4.3,52.1,3.62,9,4.1,0,1,0,5,4,Male,EE,66.7
6.5,88.0,3.98,8,9.1,1,1,0,3,5,Female,Mathematics,75.6
8.7,77.1,2.55,8,9.8,0,1,1,5,5,Male,CS,75.0
4.5,91.8,3.53,9,7.9,0,1,1,4,1,Female,EE,79.2
2.5,96.9,3.36,10,8.0,0,1,1,2,2,Male,BBA,72.3
2.4,60.9,2.63,6,7.2,0,0,1,2,2,Male,Mathematics,40.9
7.5,45.4,3.82,2,6.0,0,1,0,4,2,Male,Physics,66.9
8.2,53.6,2.49,6,4.9,1,1,0,2,2,Male,EE,50.7
1.1,66.3,2.91,7,7.5,1,1,0,2,4,Male,Physics,39.2
0.7,96.7,1.76,1,4.3,0,1,1,2,4,Male,Physics,22.7
5.9,62.7,2.06,8,8.9,1,0,1,4,5,Female,EE,41.3
1.5,86.2,3.6,5,6.5,0,1,0,1,4,Female,CS,53.7
8.2,72.4,2.49,10,6.5,0,1,0,1,2,Male,EE,63.3
3.1,51.0,2.49,2,6.0,0,0,0,1,1,Male,Mathematics,36.1
1.4,59.2,2.11,9,9.8,0,1,1,4,2,Female,Mathematics,46.3
9.2,79.2,2.73,4,5.0,0,1,1,1,4,Female,Mathematics,63.0
1.7,80.4,3.51,6,4.9,1,1,0,3,5,Female,Mathematics,48.6
2.8,66.1,3.74,7,5.0,0,1,0,1,2,Female,CS,59.2
1.5,53.7,1.68,6,8.0,1,0,0,3,1,Male,BBA,14.7
1.2,83.3,2.94,9,10.0,1,1,0,1,1,Male,Physics,48.2
0.2,50.1,2.67,1,5.4,1,1,1,1,1,Male,EE,28.0
0.6,96.2,3.04,8,9.4,0,1,0,3,4,Female,Physics,56.0
1.7,51.3,2.62,10,5.7,1,1,0,4,3,Female,CS,31.7
0.5,46.4,2.5,2,7.9,0,1,0,1,4,Female,Physics,21.4
5.9,69.9,2.68,2,4.2,0,1,0,3,1,Female,Mathematics,49.0
6.8,71.2,2.95,5,7.0,0,1,1,5,3,Female,Mathematics,64.7
3.9,70.5,2.75,7,7.9,1,1,0,4,1,Female,Mathematics,49.3
3.2,66.2,2.68,10,7.2,0,0,0,4,2,Male,Physics,59.7
5.0,99.7,3.54,8,5.4,0,1,0,2,4,Male,EE,63.8
8.8,69.2,3.36,8,9.0,1,1,1,5,2,Male,CS,79.8
8.5,68.7,2.35,4,9.8,0,0,1,1,4,Female,Physics,56.8
0.4,65.3,3.5,7,6.8,1,0,0,4,2,Male,CS,53.9
1.8,44.0,3.63,2,7.8,0,1,0,3,3,Female,Mathematics,45.8
2.4,75.6,1.88,5,8.7,0,1,0,1,3,Male,EE,29.6
2.5,53.7,2.96,2,5.4,0,1,0,5,2,Female,Physics,48.5
5.7,78.3,2.21,0,9.2,0,1,0,4,1,Female,Physics,43.2
4.2,43.1,3.35,9,5.7,0,1,1,2,3,Male,BBA,60.4
0.5,98.9,2.1,8,8.7,0,1,1,1,5,Female,BBA,44.1
3.7,68.1,3.18,5,4.7,0,1,0,4,4,Female,BBA,47.6
5.2,93.8,2.14,0,5.7,1,1,0,3,4,Male,BBA,38.7
1.0,68.5,2.78,0,7.2,1,1,0,1,5,Male,Physics,18.0
8.3,43.6,3.87,1,7.1,0,1,0,5,1,Female,EE,74.7
0.5,89.3,2.45,7,9.1,0,1,0,4,4,Female,Physics,36.7
9.2,78.9,3.69,2,10.0,0,0,0,3,2,Male,Mathematics,80.7
1.0,86.9,3.97,2,4.6,1,1,1,2,4,Female,Physics,48.1
8.4,65.7,3.69,9,5.6,1,0,0,2,5,Male,Mathematics,73.5
9.0,78.3,1.91,9,6.1,0,0,1,3,5,Female,Physics,60.3
9.8,91.4,3.55,8,6.9,0,1,0,1,3,Female,BBA,93.1
8.0,77.9,1.58,3,7.0,1,0,0,2,5,Male,BBA,35.1
7.8,60.9,2.48,6,9.1,1,1,0,2,4,Male,EE,50.3
6.4,79.8,3.68,2,8.6,0,1,1,1,1,Female,EE,78.2
7.8,80.3,3.22,9,4.1,1,1,0,1,2,Male,CS,73.3
1.3,97.6,2.83,0,6.7,0,1,0,2,5,Male,EE,38.4
5.4,62.3,2.47,8,7.7,0,1,1,2,5,Male,Physics,42.2
5.1,65.5,3.53,5,6.8,1,1,1,2,5,Male,Physics,51.7
8.6,88.7,3.27,8,4.8,0,1,0,4,2,Male,Mathematics,89.6
4.6,70.3,2.67,4,6.4,0,1,0,3,2,Female,EE,45.1
3.9,84.2,3.73,1,6.5,1,1,0,1,5,Female,BBA,51.7
6.4,67.6,2.07,8,5.1,1,1,1,5,1,Female,Mathematics,59.9
2.7,52.9,1.93,6,8.5,0,1,0,4,5,Male,CS,26.8
1.4,84.7,3.11,5,5.9,0,1,0,3,4,Male,Physics,38.7
4.8,47.9,3.93,4,7.5,1,1,0,1,4,Female,Physics,48.5
4.2,51.9,2.12,3,7.1,0,1,0,5,3,Female,Physics,45.6
2.3,77.6,2.12,5,9.3,1,1,1,4,5,Female,CS,32.6
3.7,84.8,1.85,2,4.7,1,1,1,3,4,Male,Physics,27.0
3.7,93.7,3.65,3,4.7,0,1,0,1,1,Male,Mathematics,59.2
3.3,56.4,2.07,3,5.8,0,1,1,1,3,Female,BBA,36.8
3.8,46.6,2.76,0,6.6,1,1,0,2,5,Male,CS,22.3
6.9,97.4,3.98,10,5.8,1,1,0,2,1,Female,BBA,85.6
3.0,49.3,1.53,2,8.6,0,1,0,2,4,Female,EE,23.6
9.5,51.9,2.89,1,5.5,0,1,1,3,2,Female,Physics,64.6
9.2,57.5,2.78,1,4.5,1,1,0,1,3,Male,EE,42.2
4.8,71.8,3.52,10,6.5,0,1,0,2,5,Female,EE,60.5
3.3,93.0,2.39,5,8.6,0,1,1,5,3,Female,Physics,62.7
5.4,85.6,2.53,3,9.1,1,1,0,5,1,Female,CS,55.9
8.5,82.5,1.92,4,8.4,1,1,1,1,1,Female,Physics,49.2
6.5,50.5,3.35,0,7.3,1,0,0,4,4,Male,Physics,36.3
8.0,61.5,3.46,3,8.3,1,1,0,5,5,Female,EE,56.3
5.3,68.7,1.84,2,8.1,0,1,0,3,2,Female,Mathematics,33.8
6.3,48.8,2.48,8,5.4,1,1,0,2,5,Female,Mathematics,31.6
2.9,56.4,3.73,0,7.3,0,1,0,3,3,Male,BBA,42.7
7.3,58.5,1.51,4,8.6,0,1,0,2,1,Female,Mathematics,38.8
2.0,47.6,2.25,8,5.9,1,1,1,2,3,Male,CS,30.1
6.9,73.0,2.89,9,7.9,1,1,1,5,5,Female,BBA,74.8
8.6,82.3,2.34,5,6.9,1,1,1,4,2,Female,BBA,63.4
1.3,44.2,2.18,2,7.0,0,1,0,3,5,Male,BBA,16.5
6.1,68.9,2.65,3,4.5,1,1,0,1,4,Male,Physics,41.9
1.0,86.9,1.95,2,8.0,0,1,0,5,2,Male,Physics,33.8
7.3,84.9,2.82,7,9.2,1,1,0,1,4,Male,Mathematics,62.8
0.8,88.9,3.27,3,4.8,1,0,1,4,3,Male,BBA,46.2
9.4,66.9,2.94,6,6.2,0,1,0,2,1,Female,BBA,72.9
1.4,89.2,1.73,7,4.3,1,1,0,2,5,Female,CS,36.2
9.6,54.4,3.61,10,4.2,0,1,0,1,2,Male,BBA,84.3
8.0,61.6,1.94,4,9.9,1,1,0,2,3,Female,EE,38.9
5.9,50.6,3.41,10,7.0,1,1,0,4,4,Male,Physics,63.9
7.8,68.0,2.4,4,6.1,1,1,0,3,1,Female,Mathematics,49.7
8.0,63.5,3.46,7,5.6,0,1,0,1,4,Male,Physics,69.7
9.5,54.5,2.02,7,9.9,0,1,0,2,2,Male,Physics,53.3
2.5,85.1,1.97,8,5.5,1,1,0,1,3,Male,BBA,29.9
5.9,58.8,2.74,5,8.4,1,1,1,3,3,Male,BBA,54.4
1.0,56.4,1.58,8,5.7,1,1,0,5,4,Female,Mathematics,24.6
6.2,47.9,2.06,3,4.4,0,1,0,5,1,Female,BBA,44.5
1.7,66.3,3.31,5,8.1,0,1,0,5,1,Female,EE,60.9
5.6,58.2,3.59,5,4.0,1,0,0,1,3,Female,Mathematics,52.2
5.7,62.2,1.7,7,8.1,1,1,1,3,1,Female,BBA,47.0
4.7,54.2,3.71,6,5.5,0,1,0,1,2,Male,Physics,57.9
5.2,85.8,3.49,0,8.5,0,1,1,3,4,Male,EE,66.9
7.6,95.8,3.67,8,8.6,0,1,1,3,5,Female,BBA,92.4
8.0,69.9,3.25,8,8.3,0,1,0,4,4,Female,BBA,74.6
4.9,78.6,3.19,1,4.1,0,1,0,2,2,Female,Physics,52.0
6.0,92.0,2.81,10,8.2,0,1,0,1,5,Male,BBA,73.4
9.3,99.9,3.13,7,9.9,0,1,0,3,3,Male,CS,86.4
1.2,76.8,3.8,0,5.5,1,0,0,3,1,Female,EE,44.4
1.2,93.4,1.75,5,5.6,1,1,0,4,4,Male,Physics,29.2
0.9,94.5,2.29,9,8.9,1,1,0,1,3,Female,EE,41.0
6.6,87.5,1.68,3,5.0,0,0,0,4,2,Female,EE,40.7
4.2,67.7,3.86,10,8.0,0,1,0,3,4,Male,CS,74.0
7.7,44.9,2.61,4,8.5,0,1,0,4,4,Female,Mathematics,51.7
6.7,40.9,3.19,2,4.2,0,0,1,5,2,Female,CS,63.5
3.3,68.6,3.6,3,7.3,0,1,0,2,1,Male,EE,62.2
9.0,69.7,3.98,5,7.5,1,1,0,4,3,Female,Mathematics,76.3
7.6,64.4,1.9,7,5.8,1,1,1,1,1,Male,Physics,54.2
2.7,74.1,3.5,10,9.3,1,1,0,5,4,Male,EE,64.7
3.6,73.1,3.72,2,5.0,0,1,0,3,3,Male,EE,61.9
3.1,90.2,1.62,10,6.2,0,1,0,4,2,Female,CS,46.4
1.6,46.5,3.39,5,9.1,0,1,0,4,3,Female,BBA,48.4
1.5,53.5,2.39,1,5.1,0,0,1,4,2,Female,Physics,28.5
9.4,87.6,3.12,10,8.9,1,1,0,2,2,Female,EE,83.0
4.4,90.9,2.79,3,4.5,0,0,0,4,2,Male,EE,49.0
3.8,99.7,2.15,6,6.9,1,1,0,3,4,Female,EE,46.8
7.3,92.4,1.84,7,4.5,0,1,0,4,5,Male,Physics,54.6
5.5,93.4,1.79,0,8.1,1,1,0,4,4,Female,BBA,40.9
9.4,58.9,1.76,2,8.7,1,1,1,3,2,Female,Mathematics,47.7
7.8,64.1,3.09,7,9.1,0,1,0,1,5,Female,Mathematics,61.7
4.8,56.1,2.38,3,9.9,1,1,0,2,1,Female,Mathematics,43.9
3.8,76.4,2.04,0,8.0,0,1,0,5,2,Female,BBA,35.0
9.9,96.3,3.23,0,8.6,1,1,1,3,1,Female,BBA,83.3
7.2,60.7,3.22,9,7.0,1,1,0,4,5,Male,BBA,67.6
9.5,73.4,2.85,1,9.5,1,0,0,2,1,Female,CS,66.2
1.2,57.8,3.84,1,7.9,1,0,0,4,3,Female,BBA,42.0
8.5,50.2,2.46,6,9.3,0,0,1,3,1,Female,Physics,62.1
6.4,51.7,3.59,1,5.4,1,0,0,2,2,Female,CS,49.3
1.2,43.5,1.69,7,7.0,1,1,1,1,4,Male,Physics,18.4
5.9,97.0,3.35,5,8.4,0,1,0,2,5,Male,BBA,65.0
6.9,64.2,3.97,7,5.2,0,1,1,3,1,Male,EE,89.8
0.1,90.0,3.62,5,5.3,1,1,1,2,1,Male,CS,57.7
4.5,80.9,2.95,8,9.9,0,1,0,2,2,Male,Mathematics,61.8
8.3,51.5,3.07,7,6.6,0,1,0,2,5,Female,CS,68.6
3.0,50.5,2.38,4,5.1,1,1,0,2,1,Female,BBA,30.8
4.6,88.7,3.2,0,6.0,1,1,0,4,1,Female,CS,49.2
4.4,55.9,3.43,3,6.4,0,1,0,3,3,Female,Physics,48.8
3.0,94.8,4.0,1,7.7,0,1,0,3,2,Female,CS,73.4
9.2,48.4,2.73,0,9.5,0,1,1,1,1,Female,Physics,67.4
7.8,80.7,1.65,3,9.9,1,1,0,3,3,Female,BBA,48.9
1.1,88.9,2.99,2,7.9,0,1,0,5,4,Male,CS,51.8
10.0,54.1,1.8,0,8.2,0,1,0,4,1,Female,Mathematics,55.0
8.8,56.6,2.11,3,5.9,1,1,0,3,4,Female,Physics,43.7
2.8,97.9,2.32,5,9.1,1,1,0,2,1,Female,EE,49.4
8.4,55.9,3.33,1,5.3,1,0,0,2,4,Female,Physics,51.0
1.1,65.8,1.96,3,4.6,0,0,0,1,2,Male,Mathematics,23.6
10.0,66.0,1.91,0,9.8,1,1,1,1,2,Male,Mathematics,45.4
6.7,55.2,1.61,0,9.2,0,0,0,4,1,Male,EE,38.7
6.5,86.5,3.68,1,5.8,0,1,1,5,5,Male,CS,76.6
0.9,86.3,3.23,4,8.1,1,0,0,5,3,Male,BBA,45.0
9.0,62.7,1.6,7,6.8,1,1,0,4,4,Female,Physics,44.0
0.3,90.1,1.57,8,5.9,0,1,0,5,2,Male,BBA,38.9
2.4,52.8,2.9,6,5.7,1,1,0,3,1,Female,Mathematics,38.6
1.4,40.3,2.21,6,4.8,0,1,1,2,1,Female,Mathematics,26.5
7.8,74.3,2.99,10,7.3,0,0,0,2,3,Female,EE,76.7
2.0,99.6,2.59,2,6.7,0,0,0,2,2,Male,CS,40.7
9.1,42.3,3.81,8,7.1,0,1,1,4,4,Male,Physics,81.2
6.6,52.5,2.22,10,5.3,1,1,0,1,4,Female,Mathematics,40.2
0.4,71.1,3.2,6,9.6,1,1,1,5,2,Female,BBA,58.3
0.1,88.6,1.64,9,7.8,1,1,0,4,3,Female,BBA,35.2
0.5,45.3,3.89,1,9.4,0,1,1,2,2,Male,Physics,46.3
6.1,63.7,3.95,9,4.7,0,0,0,4,4,Male,Mathematics,67.4
8.0,84.8,3.35,6,7.7,0,1,0,1,4,Male,Mathematics,71.0
2.4,62.3,2.66,2,9.1,1,1,0,3,4,Female,Mathematics,33.7
8.5,51.3,2.05,0,6.0,0,1,0,1,1,Female,EE,42.2
0.6,51.7,3.53,7,5.2,0,1,1,1,2,Male,Mathematics,50.0
8.0,64.6,3.34,4,5.6,1,1,0,1,5,Male,Physics,55.3
9.3,68.8,2.05,3,5.6,1,0,0,4,2,Female,EE,51.7
7.7,91.7,2.63,4,6.7,0,1,0,4,1,Female,BBA,69.5
7.0,78.5,2.66,10,6.0,0,1,1,5,1,Female,Mathematics,80.9
8.4,81.4,3.57,4,5.6,1,0,0,5,1,Male,BBA,70.2
0.4,99.0,3.21,0,7.9,0,0,1,5,4,Female,Physics,59.2
2.0,64.7,3.11,3,4.3,0,1,0,5,1,Male,BBA,46.7
1.2,64.2,3.12,1,6.0,1,0,1,1,3,Female,EE,31.8
5.0,95.4,2.18,7,8.1,0,1,0,4,2,Male,CS,63.0
7.5,54.8,2.43,8,5.1,0,1,0,4,1,Male,Physics,59.1
6.3,83.8,1.61,9,5.3,0,1,0,1,5,Female,Mathematics,44.2
8.5,85.3,3.47,6,5.2,0,1,0,1,4,Female,BBA,73.6
1.6,45.9,2.58,8,4.0,0,0,1,5,5,Male,BBA,31.7
7.3,68.1,2.6,4,6.8,0,0,1,5,5,Female,BBA,58.4
1.9,52.0,2.11,6,4.2,0,1,0,2,5,Male,Physics,16.0
2.7,51.1,2.02,1,5.6,0,1,1,1,4,Male,Mathematics,29.8
7.1,67.8,2.97,5,10.0,1,1,0,2,3,Male,Physics,62.0
9.8,57.4,2.08,6,9.5,1,1,0,1,4,Female,Physics,52.7
6.1,87.8,1.66,0,5.3,0,1,0,4,3,Male,Mathematics,30.4
0.5,94.5,3.42,6,5.9,0,1,0,2,1,Female,BBA,54.8
6.2,88.2,2.44,7,6.8,1,1,0,1,2,Female,EE,61.5
0.4,56.0,2.45,4,9.1,1,1,0,5,3,Male,Mathematics,47.2
8.8,56.4,2.58,5,8.8,1,1,0,5,1,Male,Mathematics,67.9
7.1,55.3,3.54,3,4.8,0,1,1,5,5,Male,BBA,68.2
1.7,48.1,2.3,2,4.7,0,1,1,5,5,Male,CS,28.3
0.9,96.6,3.4,1,6.5,0,0,0,1,3,Female,Physics,40.4
1.8,64.1,3.85,3,9.2,1,1,0,4,3,Female,Physics,55.7
9.8,53.5,3.15,8,9.3,0,1,1,4,5,Male,EE,72.5
4.6,90.8,2.58,10,4.6,0,0,0,4,3,Male,BBA,55.3
7.8,64.0,3.37,6,7.4,0,1,1,2,4,Female,CS,65.7
6.4,42.1,2.64,6,4.9,0,1,0,2,3,Female,Physics,51.0
5.7,49.7,2.54,6,8.1,0,0,0,5,2,Male,EE,51.7
1.5,78.4,2.81,5,9.5,0,0,0,1,4,Male,EE,40.8
9.5,87.0,2.29,4,6.7,0,1,1,4,1,Female,BBA,73.2
3.0,52.7,1.76,6,4.5,1,0,1,4,2,Female,EE,22.8
5.8,95.0,2.54,8,7.5,1,1,0,4,4,Female,Mathematics,56.5
7.0,91.1,1.81,4,6.5,0,1,1,3,4,Male,Physics,49.6
6.5,90.9,2.53,6,8.9,1,1,1,4,5,Male,Physics,53.9
9.4,53.7,2.89,5,6.0,1,1,0,5,4,Male,BBA,56.8
1.5,43.0,3.83,3,9.2,0,1,1,4,1,Female,CS,52.1
5.1,92.0,1.59,3,5.6,0,1,0,1,5,Male,Physics,35.1
4.0,58.3,3.05,0,4.9,0,1,0,2,3,Female,EE,42.2
4.7,77.1,2.64,4,5.8,0,1,0,2,1,Female,Physics,47.0
1.2,85.6,1.55,7,4.2,0,1,1,2,3,Male,EE,31.3
1.3,47.7,2.12,7,5.7,0,1,1,2,1,Male,BBA,44.0
2.8,86.9,1.8,10,8.0,0,1,0,2,3,Male,BBA,41.5
3.0,96.3,2.04,0,4.9,0,1,0,4,3,Female,BBA,37.6
4.3,83.7,2.19,8,4.7,0,1,0,1,1,Female,CS,51.9
6.1,66.5,2.5,8,4.8,0,1,1,4,5,Female,BBA,61.6
6.3,92.6,2.82,4,4.5,1,0,1,4,3,Female,BBA,60.1
4.1,71.6,1.5,3,9.2,0,1,0,5,5,Male,Physics,29.2
4.1,84.7,1.9,3,9.7,0,1,0,1,3,Male,BBA,39.5
2.2,89.2,1.73,7,4.3,0,1,0,2,3,Male,Physics,35.8
5.9,85.0,2.87,9,8.6,1,1,0,5,5,Female,EE,63.2
3.2,57.3,2.32,7,8.4,1,1,0,3,2,Male,EE,33.6
0.4,47.1,2.87,5,10.0,0,1,0,3,5,Male,CS,37.8
4.2,54.3,2.05,7,6.1,0,1,0,1,1,Female,Mathematics,45.4
4.7,70.2,1.56,0,5.7,0,1,0,4,5,Male,CS,19.1
2.3,70.3,3.85,6,6.7,0,1,1,2,4,Female,EE,60.1
5.7,75.0,1.77,0,9.1,1,0,0,5,3,Female,Physics,31.3
5.7,63.7,1.82,10,8.4,0,1,0,2,2,Female,Mathematics,45.9
7.0,87.2,1.87,9,6.8,1,1,1,1,3,Female,BBA,46.7
6.5,94.8,3.95,5,5.5,0,1,1,3,3,Male,Physics,80.7
6.5,54.8,3.04,4,8.4,0,1,0,3,5,Female,Mathematics,51.5
3.2,84.2,3.03,8,9.1,1,1,0,3,5,Female,Physics,46.4
7.9,80.7,3.97,7,6.4,0,1,0,5,3,Female,Mathematics,88.1
5.5,71.4,1.72,7,8.0,1,1,0,2,2,Male,BBA,46.3
4.3,51.3,3.94,5,6.4,0,1,0,2,2,Male,CS,65.7
6.3,87.7,2.01,2,6.9,1,1,0,4,2,Male,EE,44.6
3.6,97.6,3.06,0,7.1,0,1,0,1,1,Female,Mathematics,45.4
5.1,83.3,2.55,3,8.7,0,0,0,5,1,Male,EE,60.4
7.4,95.1,2.46,5,9.9,1,1,1,2,4,Female,Mathematics,62.5
8.9,99.1,3.83,4,6.7,0,1,0,2,2,Male,CS,88.8
9.2,61.1,1.87,5,6.1,0,1,0,1,3,Female,CS,57.2
5.0,78.3,3.99,3,6.2,1,0,0,2,4,Female,EE,53.9
5.2,68.4,2.45,10,4.8,0,1,1,3,4,Male,EE,44.6
8.0,99.2,3.12,4,5.8,1,0,0,4,2,Female,Physics,64.4
3.1,45.6,3.92,9,4.5,0,1,0,5,4,Male,EE,63.7
8.4,64.7,1.64,4,6.6,0,1,0,4,1,Male,BBA,50.8
4.9,92.5,3.81,4,5.0,0,1,0,2,3,Male,BBA,63.3
1.2,57.0,2.92,6,6.1,0,0,1,5,1,Male,EE,42.5
0.7,87.3,3.26,2,8.8,1,1,1,1,3,Female,Physics,42.4
8.4,63.0,1.87,2,5.5,0,1,0,2,1,Female,Mathematics,40.7
0.6,98.8,2.83,4,7.7,0,1,0,2,5,Female,CS,44.2
2.8,93.0,3.18,8,9.4,0,1,0,3,4,Female,EE,61.9
3.3,58.1,2.64,1,7.4,0,1,0,2,2,Male,CS,34.4
1.7,86.2,1.89,4,5.2,0,1,0,5,4,Male,EE,29.5
3.1,60.2,2.11,7,6.1,1,1,1,2,2,Female,Mathematics,39.1
7.4,76.4,3.64,7,7.5,1,1,1,2,3,Male,Physics,76.2
0.1,79.5,1.59,4,7.0,1,1,0,4,1,Female,BBA,24.2
8.3,89.8,3.27,0,4.9,0,1,0,3,3,Female,CS,66.6
8.6,41.5,4.0,0,6.7,0,1,0,3,1,Female,CS,68.3
3.7,53.2,1.52,5,7.3,0,0,0,5,1,Female,BBA,27.7
1.5,82.7,1.9,8,5.6,1,1,0,3,3,Female,EE,29.7
6.0,73.8,3.19,0,7.7,0,1,1,1,3,Female,BBA,54.9
1.2,69.7,1.65,9,4.4,0,1,1,4,2,Male,CS,47.2
3.6,43.3,2.97,7,6.0,0,1,0,4,1,Male,EE,46.2
9.6,60.9,3.21,0,8.8,1,1,0,2,3,Female,BBA,56.1
10.0,91.9,2.97,3,5.6,1,1,0,5,5,Female,EE,67.3
7.7,41.9,2.41,2,7.6,1,1,1,2,4,Female,EE,38.8
3.1,63.8,3.24,10,6.5,0,1,0,1,1,Male,EE,66.3
6.9,96.7,2.99,6,5.9,1,1,0,1,5,Female,CS,57.2
7.1,43.1,2.02,3,9.5,0,1,0,4,3,Female,EE,41.2
3.9,85.0,2.91,3,6.1,0,0,0,2,3,Male,EE,51.8
6.4,55.5,3.7,6,5.4,0,1,0,3,1,Male,Physics,79.0
0.1,92.0,3.17,0,9.5,0,1,0,4,2,Female,Physics,53.0
2.1,84.8,2.68,2,8.5,0,1,0,5,4,Male,BBA,43.4
5.3,93.1,2.3,1,8.1,0,0,1,3,2,Male,EE,52.1
1.6,53.0,1.71,6,4.3,0,1,0,5,1,Male,BBA,29.8
1.7,71.9,2.11,7,4.8,1,1,0,2,1,Female,Mathematics,34.1
8.4,86.8,1.53,5,7.8,1,0,1,5,5,Male,EE,44.1
9.9,54.7,3.97,1,5.3,1,1,0,2,5,Female,Mathematics,66.2
5.6,53.8,2.06,4,5.4,0,1,0,1,1,Male,Physics,40.0
8.4,41.6,3.54,9,8.7,0,1,0,4,5,Male,BBA,71.9
9.9,97.5,1.92,2,5.7,1,0,0,4,5,Female,CS,43.1
1.4,82.6,2.21,1,4.4,0,1,1,5,2,Male,CS,37.9
4.5,78.1,2.55,1,4.2,0,1,0,5,4,Female,Physics,33.8
3.9,84.6,2.31,8,6.7,0,1,0,1,2,Female,BBA,49.4
0.8,71.9,3.5,1,7.7,1,1,0,4,2,Female,EE,40.1
7.6,68.6,3.89,6,9.2,0,1,0,4,4,Male,Mathematics,80.7
4.3,67.0,3.69,10,4.7,1,1,0,4,2,Male,Physics,76.1
4.7,78.4,1.88,7,5.2,0,1,1,1,2,Female,BBA,50.4
1.5,52.1,3.44,4,7.2,0,1,1,1,2,Male,EE,54.7
1.8,93.3,1.87,2,6.2,0,1,1,4,1,Male,Physics,44.1
9.1,88.7,3.78,0,6.9,0,1,0,5,5,Male,CS,80.5
0.4,61.0,2.79,1,9.5,0,1,0,1,4,Male,Physics,35.9
2.3,74.7,2.34,10,7.3,0,1,1,1,5,Male,BBA,43.0
2.9,48.5,1.89,1,6.5,0,1,0,3,3,Female,CS,17.9
4.9,98.3,1.53,0,9.9,0,1,0,2,1,Male,EE,44.2
5.9,94.2,2.12,8,4.4,1,0,1,5,2,Female,Mathematics,58.2
4.9,95.3,3.79,4,9.6,0,0,0,5,2,Female,Mathematics,78.3
0.8,59.9,3.49,3,7.0,0,1,0,3,5,Male,CS,38.6
2.4,50.1,3.92,7,7.0,0,1,1,5,2,Female,Mathematics,64.8
8.4,52.7,1.75,5,9.5,0,1,0,2,4,Male,Physics,51.8
6.4,45.4,2.98,10,7.0,0,1,0,5,1,Male,Mathematics,64.0
6.5,47.2,2.14,5,6.6,1,1,0,3,5,Male,Mathematics,36.8
6.7,44.3,2.86,7,5.6,0,1,1,3,4,Female,CS,59.2
7.6,99.4,2.3,9,8.0,1,1,0,1,3,Female,Mathematics,56.4
0.6,44.4,2.21,5,7.4,0,0,1,1,2,Female,Mathematics,22.2
3.7,48.0,2.93,3,5.3,0,1,0,1,2,Female,CS,36.5
5.4,89.6,1.96,10,8.3,1,0,0,3,2,Male,EE,56.0
3.4,74.8,2.67,2,7.9,0,1,0,1,3,Female,Physics,39.6
8.4,86.5,3.13,0,6.4,0,1,0,1,5,Female,Physics,57.6
4.8,77.9,1.82,6,4.0,0,1,0,4,2,Male,CS,38.0
7.7,92.9,3.83,10,6.7,1,1,0,5,4,Male,Mathematics,97.0
8.5,78.3,2.76,0,4.0,1,1,0,1,3,Male,BBA,48.2
5.0,71.3,3.55,9,4.4,0,0,0,3,4,Male,BBA,66.9
9.1,82.8,3.13,9,6.6,1,0,1,5,4,Male,BBA,76.2
5.9,66.8,3.28,10,4.5,0,1,1,3,1,Female,Physics,73.4
8.5,60.8,3.29,4,5.7,0,1,0,1,1,Male,BBA,76.0
3.4,68.1,3.69,2,7.9,1,1,0,1,5,Female,BBA,35.5
5.0,50.2,3.03,5,5.9,0,1,0,5,1,Female,Mathematics,58.3
5.3,87.8,2.2,1,10.0,0,1,0,3,3,Male,BBA,42.1
1.0,55.6,1.75,9,9.5,1,1,0,1,4,Female,Physics,20.3
4.0,49.2,3.02,7,7.5,0,1,0,5,3,Male,EE,51.3
9.2,54.8,1.67,5,9.8,1,0,0,5,1,Male,Physics,44.8
6.3,90.5,2.1,5,9.2,0,1,0,4,1,Female,Mathematics,61.9
1.8,59.8,1.65,7,5.9,0,1,1,1,4,Female,Physics,15.1
3.4,81.2,2.87,5,8.5,0,1,0,1,5,Male,EE,46.0
1.9,91.4,1.9,9,4.8,1,0,0,2,2,Female,BBA,35.6
0.2,44.7,3.03,10,8.1,0,1,0,1,3,Female,CS,35.3
9.3,85.9,3.48,10,6.9,0,1,0,3,5,Female,Physics,92.2
4.5,58.5,3.55,6,4.1,1,1,0,2,5,Female,Physics,45.0
3.1,53.0,2.27,8,5.6,1,1,0,4,3,Male,EE,34.8
6.0,81.3,2.87,3,9.7,1,1,1,1,4,Male,CS,51.6
0.1,94.6,2.91,0,5.9,0,1,0,4,5,Male,Mathematics,34.0
2.8,57.7,2.68,4,5.1,0,1,0,5,4,Female,Mathematics,44.9
7.0,74.1,3.14,9,5.1,0,0,0,1,3,Female,BBA,77.3
6.3,57.4,2.03,1,6.9,1,1,1,4,4,Female,CS,38.6
9.8,73.3,3.95,6,9.1,1,1,1,3,2,Female,Physics,95.0
6.2,77.3,1.75,2,8.5,1,1,1,1,5,Female,BBA,41.5
4.8,76.6,3.57,4,6.6,0,1,0,2,1,Male,Mathematics,67.3
7.6,77.4,2.99,1,5.3,0,1,0,4,2,Male,Physics,68.8
9.0,48.1,2.11,8,4.3,0,0,0,5,2,Female,BBA,59.7
7.2,81.6,3.36,8,6.8,0,1,1,2,2,Male,CS,81.9
9.6,80.5,1.71,8,8.9,0,1,1,1,3,Female,Physics,66.3
7.8,81.0,3.44,7,8.4,0,1,1,2,4,Male,Mathematics,71.4
8.7,44.4,2.97,2,6.5,1,1,0,5,5,Female,Physics,49.9
1.1,66.8,1.78,5,7.6,1,0,1,3,3,Female,Mathematics,16.9
7.3,64.5,1.7,1,6.6,1,0,1,3,4,Female,Physics,24.7
4.4,45.2,3.38,4,7.5,1,1,0,1,3,Female,Physics,44.5
5.5,53.3,2.23,5,7.1,1,1,0,4,1,Female,EE,38.5
6.5,66.5,3.72,7,8.1,1,1,0,3,4,Female,CS,67.4
9.7,84.6,3.41,1,7.0,0,1,0,3,1,Male,CS,79.0
9.8,54.2,3.25,8,9.6,0,1,0,5,3,Female,Mathematics,81.8
2.9,89.8,2.2,5,6.6,0,1,0,3,5,Female,EE,35.9
7.3,72.7,3.27,9,4.1,0,0,1,5,4,Male,BBA,79.0
7.5,85.6,3.87,5,5.4,0,1,1,3,3,Male,Mathematics,82.8
3.5,68.4,1.73,6,7.0,1,1,1,2,2,Male,BBA,37.2
1.2,70.0,2.32,7,7.2,1,1,0,5,5,Female,CS,27.0
0.4,77.2,2.09,9,7.3,1,0,0,4,5,Female,EE,27.8
7.8,95.7,2.48,1,8.3,1,1,0,4,2,Male,CS,63.2
4.9,69.5,3.36,5,5.6,1,0,1,2,1,Female,EE,63.4
9.9,71.7,2.69,0,8.0,0,1,0,4,3,Male,Mathematics,58.3
4.6,76.1,2.93,5,8.2,1,0,1,3,4,Female,BBA,49.4
9.8,84.3,2.29,8,6.5,1,1,0,1,5,Male,Mathematics,54.2
4.1,44.3,1.85,9,6.4,1,0,0,2,5,Male,CS,21.4
7.9,70.9,2.17,3,5.1,0,0,1,5,2,Male,Mathematics,49.8
0.8,68.9,3.65,4,6.5,0,1,0,3,2,Male,BBA,51.1
5.6,95.3,3.01,6,8.7,1,0,1,4,5,Male,EE,65.5
8.0,69.6,2.44,4,9.5,0,1,0,1,2,Female,Mathematics,54.7
9.2,68.1,3.47,1,7.6,0,1,0,2,3,Male,CS,67.8
8.2,97.7,1.66,3,5.8,0,1,0,5,2,Male,BBA,55.7
0.4,67.0,2.13,4,8.1,0,0,1,3,2,Female,BBA,37.1
3.7,50.9,2.08,5,8.4,0,1,0,5,3,Male,CS,35.8
0.5,53.0,3.96,10,6.0,1,1,1,5,2,Male,Physics,59.1
1.1,45.7,3.27,5,9.0,1,1,1,2,3,Female,EE,36.3
6.8,40.0,3.04,4,4.4,1,1,0,5,2,Male,CS,44.7
7.1,65.9,1.51,7,4.1,0,1,1,4,1,Female,BBA,54.4
7.7,86.2,1.96,8,4.7,0,1,1,1,4,Male,Physics,57.3
8.7,84.0,3.09,4,4.9,0,1,0,1,5,Female,Mathematics,63.2
7.4,41.9,2.45,5,9.3,0,1,1,1,3,Male,Mathematics,57.8
8.0,74.2,3.81,2,6.5,0,1,0,4,2,Female,Physics,82.2
0.5,49.3,3.41,9,5.6,1,1,0,1,4,Female,CS,30.2
2.3,96.5,2.62,9,6.6,1,1,0,2,3,Female,BBA,53.3
6.2,50.0,3.37,1,6.4,0,1,1,3,3,Male,EE,57.4
8.6,77.6,3.94,3,5.8,0,1,0,1,3,Male,Mathematics,73.5
0.0,59.6,2.65,2,4.8,0,1,0,2,4,Female,Physics,24.2
5.1,78.5,3.11,10,7.9,0,0,0,4,1,Male,CS,65.5
6.8,64.7,3.8,0,4.8,0,1,0,5,1,Male,CS,74.4
0.3,85.6,2.12,2,8.7,0,1,1,3,1,Female,Physics,40.9
4.0,53.8,3.72,3,5.2,0,1,1,4,1,Male,BBA,59.0
9.0,94.3,1.74,6,8.4,0,1,0,3,5,Male,EE,55.1
6.7,70.0,3.12,2,8.8,1,1,0,3,4,Female,CS,45.3
2.4,85.4,3.46,5,4.8,0,1,1,3,4,Female,EE,57.2
8.5,91.0,3.04,8,4.5,0,1,0,5,4,Female,CS,75.5
3.5,99.9,2.74,9,9.7,0,0,0,1,1,Female,EE,58.9
8.5,53.4,3.04,1,6.8,0,1,1,3,2,Male,CS,66.1
3.0,57.2,1.88,1,7.8,0,1,1,1,4,Male,CS,30.2
5.9,55.0,2.04,1,4.1,1,1,0,5,3,Female,Physics,30.2
4.0,55.8,2.17,10,5.7,1,0,0,4,3,Female,Mathematics,37.9
2.7,74.9,2.99,7,7.0,0,1,1,1,4,Male,Physics,55.3
8.9,99.6,2.6,5,9.3,0,1,0,4,1,Female,EE,79.2
1.9,99.4,2.11,8,5.6,0,1,0,3,4,Female,EE,39.8
0.8,71.6,3.71,6,8.7,0,0,1,1,4,Male,EE,50.6
3.4,78.3,2.43,2,8.0,0,1,0,5,3,Female,BBA,43.4
7.2,91.6,2.62,5,4.7,1,0,0,2,3,Male,CS,54.6
8.1,96.0,2.52,7,5.8,0,1,0,1,1,Male,EE,70.8
10.0,52.2,1.95,0,5.4,0,1,0,4,2,Female,Physics,47.5
3.0,71.7,3.33,6,6.7,0,1,0,2,2,Male,EE,50.2
4.1,90.0,2.62,5,7.8,0,1,0,4,5,Male,Mathematics,55.1
1.4,58.2,1.54,0,6.6,1,1,0,1,1,Female,EE,9.3
5.7,66.4,3.91,2,5.5,0,1,1,5,2,Male,Physics,84.0
10.0,99.1,3.54,4,8.2,0,0,0,3,1,Male,Mathematics,87.3
7.0,99.1,3.31,3,7.5,0,1,0,3,2,Female,Physics,75.9
6.0,94.4,3.67,3,7.1,1,1,0,5,1,Male,BBA,86.8
3.9,87.9,3.77,7,7.3,0,1,0,3,2,Female,Physics,75.2
9.2,56.1,2.34,4,5.3,0,1,1,1,4,Male,EE,52.5
5.0,59.3,3.03,5,8.1,0,1,0,3,4,Female,BBA,48.2
1.3,72.8,3.02,8,6.3,0,1,0,4,2,Male,CS,60.8
3.7,73.6,2.17,1,6.2,1,1,1,2,4,Female,CS,24.7
0.7,70.3,2.05,3,4.9,0,1,0,1,4,Female,Mathematics,21.9
2.0,78.2,1.78,0,7.6,0,0,0,1,5,Female,EE,13.7
0.2,64.5,3.15,10,7.6,0,0,1,5,5,Male,CS,50.2
4.5,85.0,3.45,2,6.0,0,0,0,1,2,Male,EE,50.1
6.3,60.0,3.4,9,9.2,0,1,1,3,3,Female,EE,82.2
3.4,59.8,2.29,2,9.1,1,1,1,5,4,Male,Mathematics,34.1
4.2,47.6,2.01,3,4.7,0,1,1,2,2,Female,CS,27.9
9.6,51.3,2.63,6,8.2,0,0,0,2,3,Female,CS,65.6
7.5,91.0,2.87,9,6.4,0,1,1,4,3,Female,Mathematics,77.9
5.4,66.8,3.8,1,10.0,1,0,1,4,2,Male,CS,65.2
2.8,53.7,3.69,2,5.4,0,1,0,1,1,Female,BBA,53.0
9.0,85.6,3.79,9,5.7,0,1,1,3,1,Female,Mathematics,100.0
2.4,73.2,3.63,3,6.7,0,1,0,1,4,Male,BBA,39.1
3.3,41.3,3.91,2,5.6,0,0,1,2,5,Female,CS,48.3
9.1,59.0,2.66,8,8.2,1,1,0,2,4,Male,Mathematics,59.0
5.3,50.6,1.62,1,6.9,0,1,0,5,2,Male,CS,29.6
7.4,79.4,1.71,9,5.3,0,1,0,5,1,Male,EE,60.9
5.9,56.5,2.48,9,7.0,0,0,1,4,4,Female,CS,49.0
6.5,43.9,2.14,9,9.3,0,1,0,4,1,Female,BBA,57.6
3.0,43.3,1.92,3,8.8,0,1,0,1,3,Female,Mathematics,17.3
2.4,74.9,3.88,1,7.0,0,1,0,1,5,Female,Mathematics,46.8
3.2,41.3,1.99,4,5.7,0,1,1,4,1,Female,CS,36.3
1.6,90.9,3.9,3,5.1,1,1,0,3,3,Male,EE,58.4
8.7,49.3,3.4,10,9.3,1,1,0,3,5,Male,CS,65.7
2.8,76.4,3.1,6,8.3,0,1,0,4,2,Male,EE,65.7
5.6,66.7,3.19,10,7.4,1,1,0,2,5,Female,EE,62.7
7.9,66.6,2.33,8,9.3,1,0,0,4,5,Male,Mathematics,50.8
7.8,44.3,3.12,7,4.7,0,1,0,4,3,Male,Mathematics,57.5
4.4,88.2,1.97,1,8.1,0,0,1,2,2,Male,Physics,35.7
4.8,93.6,3.84,0,5.3,0,1,1,4,4,Female,EE,68.4
9.9,40.7,2.25,0,4.7,0,1,0,1,4,Female,CS,35.1
6.7,50.7,2.14,6,6.8,0,1,0,2,3,Female,CS,50.5
8.1,94.2,3.28,2,6.3,0,1,0,4,1,Male,Physics,73.8
9.0,73.0,3.14,10,9.6,1,1,1,5,4,Male,Physics,78.4
7.9,49.0,2.63,1,5.9,0,1,0,1,2,Female,EE,47.3
1.9,52.2,3.08,10,8.9,1,0,0,4,1,Male,Physics,47.8
5.6,79.6,1.9,7,8.5,0,1,1,3,1,Female,BBA,59.1
1.0,83.5,3.18,1,8.0,0,1,0,4,3,Female,CS,50.2
6.5,76.0,2.18,0,9.5,1,1,0,4,1,Male,EE,46.5
9.6,97.2,2.18,4,6.4,0,1,0,1,2,Female,EE,65.2
5.1,69.6,1.91,3,6.3,0,0,0,4,2,Male,Mathematics,40.0
4.3,58.0,2.33,3,5.0,0,0,0,2,3,Male,CS,25.4
0.4,68.6,2.33,5,5.7,1,1,1,1,4,Female,CS,27.0
9.6,61.6,2.64,1,9.3,0,1,0,3,3,Female,Mathematics,59.7
1.0,53.5,1.98,1,6.8,0,1,0,1,3,Male,EE,19.8
0.4,42.8,1.98,7,6.0,0,1,1,4,1,Female,EE,35.1
2.5,61.1,2.85,10,5.3,0,1,1,3,1,Female,Physics,58.0
0.7,82.7,1.82,3,6.9,0,1,0,3,5,Male,Physics,27.5
4.6,41.1,3.22,10,8.3,0,1,1,1,4,Female,BBA,57.5
5.2,66.4,3.86,3,5.7,0,1,0,4,1,Female,Physics,69.7
3.1,78.6,2.57,3,8.5,0,1,0,1,3,Male,Physics,41.0
0.5,76.6,3.75,0,7.8,0,1,0,2,1,Male,BBA,51.4
1.1,86.6,1.75,4,8.7,1,1,0,2,1,Female,Physics,27.7
3.8,88.6,1.61,5,5.5,0,1,1,4,2,Male,CS,52.7
0.6,82.7,3.3,7,7.8,0,1,1,3,4,Female,CS,65.5
7.0,46.2,3.4,1,4.9,0,1,0,5,4,Female,Physics,57.5
2.1,68.5,3.61,2,6.2,1,1,0,5,4,Female,CS,51.8
3.0,76.2,1.64,4,8.3,0,1,1,4,1,Male,Mathematics,35.5
3.9,54.7,3.44,0,7.8,0,0,0,1,1,Male,BBA,39.7
4.2,42.6,2.44,1,5.1,0,1,0,4,3,Female,Mathematics,29.9
0.0,53.4,2.26,6,9.2,0,1,0,2,5,Male,Mathematics,24.4
1.1,67.3,1.93,10,4.3,0,1,0,5,4,Female,CS,34.8
8.6,64.8,3.99,6,7.6,0,1,0,5,4,Female,EE,75.5
0.0,50.6,1.66,1,9.9,0,0,1,1,1,Female,Mathematics,21.1
5.1,89.5,3.57,10,7.2,0,1,0,1,5,Female,Physics,81.6
4.9,95.5,3.1,5,8.8,1,1,0,4,5,Male,Physics,64.4
3.3,52.1,3.34,7,7.6,1,1,1,1,3,Male,Physics,55.7
4.3,95.8,3.28,2,8.7,0,1,0,5,2,Male,Physics,67.6
7.8,41.1,3.65,6,7.9,1,1,1,3,4,Female,Physics,61.6
8.4,95.5,1.96,0,8.1,1,0,0,3,4,Female,BBA,43.9
2.6,97.1,1.5,6,5.4,1,0,0,5,5,Female,EE,37.3
3.2,40.7,3.0,2,8.5,1,0,0,2,1,Female,BBA,32.5
2.4,85.8,2.38,10,5.4,0,1,1,3,3,Male,Mathematics,53.4
4.8,98.2,1.81,0,9.9,0,1,1,5,4,Female,BBA,51.5
6.8,94.4,1.97,7,5.4,0,1,1,1,2,Male,Physics,65.7
2.3,98.2,2.33,1,5.4,0,1,0,1,5,Male,Mathematics,27.9
3.3,73.0,1.68,7,9.2,0,1,0,1,1,Male,EE,39.5
9.3,44.7,1.64,5,5.5,0,0,1,2,1,Male,Physics,45.3
0.5,91.0,3.79,10,6.2,0,1,0,1,4,Female,Physics,62.2
4.6,76.8,2.28,7,8.3,1,1,1,1,1,Male,BBA,57.2
7.1,76.9,3.96,4,5.0,1,1,0,5,3,Male,CS,68.6
1.5,65.0,3.91,0,5.0,0,1,0,3,2,Female,EE,53.0
0.5,74.3,1.86,6,6.9,0,1,1,2,4,Female,Physics,30.5
1.4,49.2,3.29,4,5.5,0,1,0,3,1,Male,CS,54.6
9.2,84.4,3.0,0,5.4,1,0,0,5,2,Male,BBA,62.8
0.1,44.5,3.23,6,4.1,1,0,0,3,5,Female,Mathematics,24.0
1.9,83.8,1.74,2,6.2,0,0,1,3,2,Female,EE,34.0
0.3,90.9,1.97,2,5.9,0,1,0,5,3,Male,Physics,28.7
1.1,68.3,1.69,0,4.2,0,1,0,1,5,Male,BBA,0.0
6.2,70.6,3.01,4,7.7,1,1,1,3,4,Male,CS,55.3
2.4,58.7,3.97,2,7.8,1,1,0,4,4,Male,EE,46.9
5.7,98.2,3.18,0,4.4,0,1,1,3,5,Female,EE,51.0
5.9,84.0,3.28,4,5.9,0,1,1,5,4,Male,EE,68.7
8.5,62.1,3.96,2,9.2,0,1,0,5,5,Female,Physics,64.6
0.0,50.5,3.2,1,7.5,0,1,1,2,3,Male,EE,32.6
8.5,53.2,1.6,5,6.5,1,0,0,5,5,Female,BBA,35.9
6.2,67.8,3.67,0,6.8,1,0,0,2,4,Female,BBA,49.8
1.6,96.6,2.41,10,5.2,0,1,0,2,2,Male,EE,51.1
7.7,84.0,1.51,5,8.9,0,1,0,5,3,Female,BBA,52.9
8.6,52.9,2.77,10,9.5,0,1,0,1,2,Female,EE,66.3
2.5,91.6,3.84,9,9.5,0,1,0,2,2,Female,CS,76.0
9.2,62.7,2.14,10,5.3,0,1,0,4,2,Male,BBA,66.7
4.5,91.1,2.73,5,5.9,1,1,0,3,3,Male,BBA,47.2
6.0,54.5,1.93,4,5.0,1,0,0,5,2,Female,CS,36.0
9.8,77.1,1.64,7,5.8,0,0,1,2,4,Male,Mathematics,57.3
3.6,95.6,1.7,0,6.0,1,1,0,3,2,Female,Mathematics,28.5
8.1,55.5,3.32,9,7.8,1,1,0,1,3,Female,EE,77.3
3.2,81.6,3.66,3,5.1,0,0,0,2,1,Male,BBA,57.7
8.0,99.2,1.86,0,9.5,0,0,0,1,2,Male,EE,48.3
6.0,49.0,2.22,2,4.6,0,1,0,4,2,Female,Mathematics,37.4
2.2,45.3,1.99,2,4.0,1,1,0,2,5,Male,CS,4.1
4.1,80.5,1.57,0,9.1,0,0,0,4,3,Male,Mathematics,32.9
3.2,60.4,2.88,7,8.2,0,1,1,2,1,Female,CS,54.5
0.8,44.3,3.25,1,6.1,0,1,0,3,2,Male,CS,31.2
0.3,68.5,3.12,9,7.6,0,1,0,5,4,Male,EE,48.4
3.5,85.2,2.47,4,5.3,0,1,1,5,1,Male,CS,51.9
0.2,57.1,2.89,7,5.0,1,1,0,1,1,Male,BBA,26.0
1.7,60.1,1.74,3,6.8,0,1,0,4,2,Male,CS,23.7
7.3,90.7,1.89,1,6.1,0,1,0,5,2,Male,EE,55.5
7.1,71.2,3.83,1,7.7,1,1,0,4,3,Female,CS,65.7
7.4,90.6,3.4,7,5.3,0,1,0,1,1,Male,Physics,85.7
3.2,66.8,3.81,7,8.0,0,1,0,4,4,Female,Mathematics,67.8
8.9,97.2,3.79,2,8.6,0,1,0,4,2,Male,EE,89.4
5.9,79.0,3.12,3,5.0,0,1,1,4,4,Female,CS,70.3
1.3,47.0,3.82,10,4.3,0,1,0,3,3,Male,Physics,54.9
1.4,93.1,2.54,9,6.6,1,0,0,3,2,Female,Mathematics,47.0
6.9,69.4,1.51,4,8.6,0,1,0,4,3,Male,Physics,43.3
1.7,48.5,1.66,2,7.9,0,1,1,3,1,Female,CS,32.6
5.1,49.2,1.77,3,8.2,0,1,0,4,4,Female,EE,31.2
9.9,81.3,1.74,5,6.4,1,1,0,4,2,Male,CS,53.0
0.0,42.8,2.38,6,5.4,0,1,0,2,2,Female,BBA,28.3
0.2,57.2,3.25,2,7.2,1,1,1,4,1,Male,CS,36.7
9.9,48.4,3.48,0,5.2,0,0,0,4,2,Male,CS,65.9
5.8,66.5,2.98,5,8.4,0,1,0,3,2,Male,BBA,63.0
1.3,64.9,1.87,8,5.2,0,1,0,4,2,Female,Physics,33.8
9.0,71.3,3.37,1,5.7,0,1,0,1,5,Female,Mathematics,62.3
8.8,56.8,2.39,4,7.0,0,1,0,2,2,Female,Mathematics,48.8
5.4,41.9,1.53,1,6.9,1,1,0,4,1,Female,Physics,24.0
6.2,76.9,2.2,2,7.6,0,1,0,5,3,Female,Physics,47.6
2.7,62.4,2.33,6,6.6,0,0,1,4,2,Female,CS,57.4
0.5,79.1,2.19,3,9.5,0,0,1,4,3,Female,EE,36.4
5.9,46.5,3.53,2,9.0,0,0,0,2,4,Male,Mathematics,48.5
2.9,40.8,3.4,10,9.3,0,1,0,4,1,Female,Physics,56.9
6.6,54.9,3.24,1,7.8,0,1,0,2,3,Male,Mathematics,59.1
8.4,67.4,1.85,2,7.8,0,1,0,1,1,Male,Mathematics,46.2
0.2,63.6,3.52,10,7.7,0,0,0,2,1,Female,EE,52.5
6.0,88.6,3.19,6,6.6,0,1,0,4,1,Male,EE,75.7
2.3,62.7,1.99,0,5.9,0,0,1,5,1,Male,CS,34.2
8.7,71.8,3.12,4,7.6,0,1,0,3,2,Female,EE,74.2
2.5,75.6,2.71,6,4.2,0,1,1,5,5,Female,CS,48.2
6.1,41.3,2.6,2,4.0,1,1,0,4,5,Male,Physics,31.6
5.5,70.9,1.78,6,9.1,0,1,0,3,1,Male,CS,50.6
4.0,60.7,2.8,7,4.3,1,1,0,5,5,Male,EE,43.8
6.8,65.3,1.75,2,7.1,0,0,0,3,4,Male,Physics,36.5
7.3,46.0,1.91,8,7.7,0,0,0,3,3,Male,Physics,50.5
5.7,87.0,1.83,4,5.2,0,1,0,4,4,Female,EE,43.8
7.6,96.5,3.89,10,9.4,0,0,0,4,3,Male,BBA,90.3
9.8,41.3,2.21,0,5.1,1,1,0,3,2,Female,BBA,39.1
4.2,76.1,2.39,3,9.3,1,1,0,3,3,Male,Physics,44.4
5.1,85.8,2.31,7,8.6,0,1,0,5,4,Female,Mathematics,49.4
0.1,57.1,3.75,9,5.4,0,1,0,1,4,Female,BBA,40.1
8.0,87.3,2.91,2,4.9,0,1,1,1,1,Male,EE,72.0
5.2,77.9,3.8,10,5.9,0,1,0,3,5,Female,EE,80.5
4.1,95.7,2.25,2,6.4,1,0,0,1,2,Male,Mathematics,31.3
0.9,98.9,1.79,4,5.5,0,0,0,2,5,Female,Physics,25.0
8.9,42.5,2.89,3,10.0,0,1,0,3,2,Female,CS,59.2
4.0,66.7,2.36,4,5.4,1,1,0,3,1,Female,Mathematics,38.3
6.8,72.8,3.5,9,9.0,1,1,0,2,5,Female,BBA,69.4
1.5,48.8,3.7,8,5.0,0,1,0,2,3,Female,CS,44.9
9.6,60.2,2.68,8,9.9,0,1,0,4,2,Male,CS,70.1
1.8,99.3,3.93,2,5.4,1,1,0,5,1,Male,EE,61.0
2.0,41.0,2.88,10,6.5,0,1,1,4,1,Female,EE,54.0
8.6,67.2,2.18,4,7.4,0,1,1,3,1,Female,CS,57.5
9.1,90.6,2.72,7,4.7,0,1,0,1,5,Male,EE,69.8
2.1,59.4,1.59,7,8.9,1,1,0,2,1,Female,Physics,26.2
4.7,68.8,3.51,7,5.6,1,1,0,3,1,Male,Mathematics,61.4
7.3,98.7,1.75,6,7.3,1,1,0,2,5,Male,EE,47.8
8.8,68.5,2.27,5,7.3,0,1,0,4,5,Female,Mathematics,55.2
3.8,47.9,2.91,7,7.6,0,0,0,2,2,Female,BBA,51.4
5.2,43.1,1.61,9,4.3,0,1,0,5,4,Female,Mathematics,31.4
7.4,96.7,1.7,4,5.0,1,1,0,2,3,Female,EE,37.8
7.3,55.9,3.24,5,5.0,0,1,0,3,3,Male,CS,59.9
7.8,70.2,1.68,1,5.8,0,0,1,4,2,Female,EE,45.1
5.7,45.4,2.69,3,4.9,1,1,1,2,4,Male,Physics,32.1
1.0,65.4,2.35,8,9.5,0,1,0,4,5,Female,BBA,32.2
9.0,95.8,2.07,7,7.1,1,0,0,3,4,Female,CS,58.9
8.7,70.1,1.97,2,7.7,0,1,0,4,5,Male,Physics,43.6
8.0,98.3,3.41,6,6.1,1,0,0,3,1,Female,Physics,70.6
1.0,55.5,3.88,8,5.7,0,1,0,5,4,Male,BBA,60.6
2.0,70.3,1.85,1,7.0,0,1,1,4,5,Female,Mathematics,23.2
7.4,91.6,3.9,0,5.8,0,0,0,1,3,Male,CS,73.2
0.2,66.9,2.99,4,6.1,0,1,0,3,5,Male,BBA,33.9
9.8,56.8,3.1,7,6.7,0,1,1,5,2,Female,Physics,82.6
3.8,91.3,3.27,3,7.0,0,1,0,2,5,Female,BBA,52.6
7.2,63.4,3.26,9,9.9,0,1,0,3,5,Male,CS,58.5
8.9,71.8,3.55,9,5.3,1,1,1,4,4,Female,Mathematics,75.1
3.9,98.6,2.71,5,6.9,0,1,1,2,4,Female,Mathematics,57.2
3.2,51.2,2.83,4,4.9,1,1,0,3,3,Female,Mathematics,36.2
6.1,58.1,2.31,0,6.1,1,1,1,3,2,Female,Mathematics,30.7
5.8,41.9,1.76,9,8.3,0,1,0,1,3,Male,CS,39.3
4.1,63.5,3.16,9,5.0,1,1,0,1,5,Female,CS,42.1
6.0,52.0,1.58,4,7.5,0,1,0,3,1,Female,Mathematics,39.3
9.4,80.8,2.19,5,6.5,0,1,1,1,2,Female,Physics,65.1
4.7,50.9,1.74,8,4.3,0,1,1,5,3,Female,CS,45.6
2.0,80.5,1.98,7,9.6,1,1,0,3,2,Female,BBA,43.5
3.8,55.8,3.1,1,6.5,0,1,0,4,4,Female,BBA,44.1
3.9,61.3,3.07,7,8.7,0,1,1,2,2,Female,EE,65.1
1.3,60.9,2.55,10,6.5,1,0,0,2,4,Female,Mathematics,31.9
1.6,83.0,1.73,8,9.6,0,0,0,3,1,Female,Physics,54.3
6.8,68.0,2.58,5,5.7,1,0,1,4,2,Female,Physics,49.5
3.4,61.7,2.38,5,6.5,1,1,0,2,4,Male,CS,29.3
9.5,91.2,3.3,2,8.6,1,1,0,2,3,Male,BBA,74.9
2.4,74.3,2.95,7,6.1,1,1,0,1,4,Female,Physics,45.0
1.0,52.8,2.73,2,6.2,1,0,0,3,4,Male,EE,22.3
7.5,94.0,2.72,3,10.0,0,1,1,4,2,Female,Physics,77.2
8.8,60.6,3.92,2,7.3,1,1,0,3,3,Female,BBA,59.0
2.8,42.3,3.39,3,8.1,1,1,0,2,5,Male,BBA,41.3
2.0,69.7,2.74,4,7.9,0,1,0,2,5,Male,EE,36.2
1.9,47.4,2.7,0,9.0,0,1,0,2,1,Male,Physics,37.7
5.2,54.3,1.57,7,9.2,1,0,0,2,4,Male,BBA,18.7
4.7,84.8,3.86,4,7.4,0,1,0,2,3,Female,BBA,69.8
2.6,47.8,2.3,10,5.8,0,1,0,5,1,Female,BBA,44.7
0.5,88.4,2.14,1,4.1,0,0,0,2,4,Male,CS,23.2
4.8,96.2,4.0,7,7.7,0,1,0,2,1,Male,Mathematics,85.1
9.6,76.4,3.3,1,9.0,1,1,0,4,2,Male,EE,71.8
6.5,82.6,1.62,6,6.7,0,1,0,5,4,Female,EE,43.5
5.0,82.8,1.65,5,5.0,1,1,0,3,5,Female,Mathematics,30.5
1.1,99.6,1.56,4,5.7,1,1,0,4,3,Male,CS,25.6
2.5,60.5,3.0,7,7.1,0,1,0,1,5,Female,Mathematics,44.9
2.9,49.8,1.68,9,9.0,1,1,0,3,5,Male,BBA,30.3
7.6,71.2,3.83,3,5.0,0,1,1,1,3,Female,Mathematics,73.3
8.8,72.0,3.84,9,7.7,1,1,0,1,1,Male,CS,78.3
9.0,50.7,2.87,2,8.5,1,0,1,3,4,Female,Mathematics,53.3
9.8,76.8,3.04,3,9.6,0,1,1,2,1,Female,EE,91.8
9.8,40.8,2.23,3,4.7,1,1,0,1,5,Male,Physics,43.2
9.5,95.7,1.66,10,9.6,0,1,0,1,2,Female,EE,56.6
0.7,55.9,3.34,1,7.6,0,1,0,4,4,Female,CS,37.0
1.4,42.4,1.75,4,8.6,1,1,0,3,4,Male,BBA,17.2
3.0,46.5,1.71,4,4.3,0,1,0,2,3,Male,CS,19.9
5.5,54.4,2.28,8,7.0,0,0,0,5,5,Male,EE,43.4
1.0,56.4,1.53,5,7.7,0,0,1,2,4,Female,Mathematics,17.7
8.5,42.0,2.59,10,5.8,0,1,0,5,5,Male,BBA,62.5
6.2,56.8,3.27,8,6.6,1,1,1,2,1,Male,Mathematics,61.2
5.4,51.6,3.5,7,7.3,0,0,1,1,3,Female,Physics,67.5
1.7,62.7,3.01,8,7.3,0,0,0,1,5,Female,BBA,40.1
2.5,63.1,3.62,1,4.3,0,1,1,2,5,Female,BBA,40.1
1.6,60.3,2.52,4,6.6,1,1,1,1,3,Male,CS,35.7
8.5,59.7,3.62,6,5.3,0,1,0,1,1,Female,EE,67.7
5.8,45.4,2.77,2,9.5,0,1,0,2,2,Male,Mathematics,44.4
7.4,41.5,2.06,1,9.9,0,0,0,5,3,Male,CS,36.8
3.0,52.1,3.86,1,5.8,0,0,0,2,4,Female,EE,52.8
3.7,85.4,2.19,8,5.1,1,0,0,2,5,Female,CS,33.2
4.0,99.4,1.57,7,5.3,0,1,0,5,1,Female,Physics,41.3
7.6,95.7,2.11,3,6.9,0,0,0,2,2,Male,BBA,52.2
7.7,70.3,2.42,8,9.2,1,1,1,5,2,Female,Mathematics,70.1
2.1,71.9,2.38,7,7.0,0,1,0,4,5,Male,Mathematics,43.6
9.4,58.9,2.81,8,4.3,0,1,0,5,1,Male,EE,84.6
1.2,86.4,3.71,10,4.2,0,1,0,3,2,Male,CS,73.1
9.0,85.9,2.23,9,5.4,0,0,1,3,2,Female,EE,73.0
1.0,90.7,2.8,1,9.1,1,1,0,2,1,Male,CS,35.7
2.6,93.7,2.35,8,7.7,1,1,0,3,4,Female,EE,52.9
8.5,66.1,3.55,4,7.4,1,1,0,4,3,Male,EE,67.1
1.8,86.0,1.89,4,5.9,1,1,0,5,3,Female,Mathematics,27.8
4.1,88.4,1.76,7,9.6,0,1,1,1,5,Female,EE,43.1
4.5,58.5,2.76,6,6.0,0,1,0,1,3,Female,CS,40.8
2.5,95.8,3.18,4,9.0,0,1,0,1,2,Male,Physics,55.5
7.1,45.7,3.49,10,9.4,1,1,0,4,2,Male,CS,70.8
8.5,99.7,2.97,1,6.9,1,0,1,1,5,Female,EE,61.9
8.7,86.2,3.43,1,9.4,0,0,1,5,3,Male,EE,76.9
3.4,45.6,2.48,0,5.7,1,0,0,2,1,Female,CS,17.4
5.3,79.4,1.58,8,8.0,1,1,1,2,4,Male,Physics,35.1
2.5,42.1,1.79,4,4.5,1,1,0,5,4,Female,EE,16.8
2.4,86.2,1.6,4,6.8,1,1,1,4,2,Male,Mathematics,34.7
1.6,88.0,2.32,7,5.3,0,1,1,3,3,Male,CS,45.0
9.4,76.1,2.74,4,4.4,0,1,0,5,3,Male,BBA,65.2
8.9,91.4,2.39,6,4.0,0,1,0,4,1,Female,CS,72.8
7.8,45.9,2.9,0,5.9,0,1,0,4,1,Female,EE,59.4
5.2,56.6,2.7,1,7.5,1,1,0,2,4,Male,BBA,30.9
4.9,64.9,3.19,10,6.7,0,1,0,5,4,Male,Physics,66.7
5.3,42.5,3.17,4,5.8,0,1,0,4,4,Male,EE,52.9
5.4,66.9,2.3,1,9.9,0,1,0,5,2,Female,Mathematics,44.3
4.3,55.9,2.37,4,9.6,0,1,0,5,3,Male,CS,45.2
1.3,63.6,2.96,3,4.8,0,0,0,3,5,Male,EE,30.6
1.3,65.5,2.99,3,6.5,0,1,0,2,2,Female,Mathematics,34.2
9.5,92.8,2.29,3,7.9,1,1,0,5,4,Female,BBA,61.4
4.8,56.2,2.33,8,8.4,0,1,0,5,1,Female,BBA,56.2
9.5,93.6,3.24,1,6.2,0,0,1,1,1,Female,Mathematics,78.8
1.6,65.6,3.12,3,8.5,0,1,1,4,5,Female,CS,40.0
5.5,59.7,1.84,5,4.7,0,1,0,4,1,Female,Mathematics,43.0
2.1,70.2,2.6,5,6.0,1,1,0,4,4,Female,Physics,41.5
2.5,65.1,3.73,9,8.3,1,1,0,5,3,Female,Mathematics,72.2
0.3,55.4,1.59,10,7.8,0,1,1,2,5,Female,EE,31.9
1.2,70.2,3.64,3,9.0,1,0,0,5,3,Male,EE,41.6
9.2,49.1,1.91,5,4.3,1,1,1,4,4,Female,Physics,46.8
3.2,61.1,2.77,0,5.0,0,0,0,1,5,Female,Mathematics,23.7
6.1,73.9,2.56,6,4.3,0,1,0,3,5,Female,Physics,51.6
4.7,64.8,1.53,1,5.2,0,1,0,1,4,Female,Physics,17.2
4.0,89.4,3.79,0,4.0,1,0,1,5,1,Male,BBA,54.0
5.3,55.4,2.64,7,7.0,0,0,1,4,1,Male,CS,57.5
1.9,98.2,3.89,1,7.2,0,1,0,5,3,Female,EE,66.0
9.9,87.1,2.22,5,7.9,1,1,0,4,4,Female,EE,62.6
8.2,98.1,3.67,1,6.3,1,1,0,2,4,Female,Physics,69.5
7.4,90.3,3.81,8,4.0,1,0,1,3,4,Female,EE,78.8
4.7,48.5,2.89,8,8.0,1,1,0,5,1,Female,EE,57.6
1.5,71.6,2.01,6,4.3,0,1,1,1,1,Male,Physics,39.5
9.2,50.2,3.21,9,9.2,1,1,0,5,1,Male,CS,76.4
3.4,89.1,2.87,4,4.1,0,0,0,3,3,Female,Mathematics,49.0
0.5,75.0,3.86,2,7.2,0,1,0,3,4,Male,BBA,56.3
3.4,55.8,2.6,1,9.4,1,1,0,4,1,Male,Physics,38.4
7.9,95.8,2.17,2,7.4,0,1,1,1,5,Female,BBA,54.5
6.2,46.9,1.85,2,7.7,0,1,1,1,2,Female,BBA,37.4
7.5,73.8,3.25,3,8.1,0,1,1,1,4,Male,Physics,64.7
7.9,83.3,3.94,2,4.7,0,1,0,4,4,Male,Physics,72.5
2.1,43.5,1.57,6,8.0,0,1,1,1,1,Male,Mathematics,29.4
9.2,75.9,3.35,1,9.3,0,1,0,4,5,Male,Mathematics,66.6
4.4,89.0,3.82,6,9.8,1,1,0,1,5,Female,Physics,62.7
6.4,44.1,1.69,3,6.7,1,1,0,4,5,Male,Physics,20.7
0.0,70.7,1.78,7,6.1,0,1,0,5,1,Female,Mathematics,34.2
9.9,55.5,3.23,5,8.5,0,1,0,3,2,Male,EE,77.2
2.8,79.8,3.12,9,7.3,1,1,0,2,2,Female,Mathematics,55.6
0.6,47.1,1.67,4,5.5,0,1,0,3,3,Male,EE,6.0
4.6,96.2,3.59,3,5.0,0,1,0,4,5,Female,BBA,65.4
1.3,93.7,2.81,6,5.0,0,1,0,4,4,Female,BBA,48.6
1.5,51.2,3.77,7,6.8,0,1,0,4,4,Male,Physics,48.6
6.3,59.4,3.69,4,5.0,0,1,1,3,3,Male,BBA,71.1
3.9,75.3,3.53,6,4.1,1,1,0,4,5,Male,Physics,46.8
9.2,83.1,2.79,5,4.3,1,1,0,2,5,Male,Physics,62.5
3.2,66.6,2.13,3,9.6,0,0,1,2,5,Female,Physics,32.9
7.3,49.4,2.76,3,4.4,0,1,1,5,5,Female,CS,41.3
4.6,46.2,1.75,9,4.4,0,1,1,3,4,Male,Mathematics,38.8
6.6,100.0,3.15,7,6.7,0,1,1,5,1,Male,EE,84.1
6.0,67.3,1.83,1,5.5,1,1,1,4,2,Female,BBA,34.7
4.7,92.4,2.78,10,9.8,0,1,0,3,4,Female,BBA,64.6
9.5,68.9,1.64,7,9.5,1,1,1,3,2,Female,EE,57.9
3.4,95.3,2.25,0,6.4,0,1,1,4,1,Female,Physics,46.7
1.8,45.3,2.08,8,6.7,0,1,0,1,5,Female,Physics,16.4
6.8,46.8,3.05,6,6.3,0,1,1,3,3,Female,BBA,67.0
8.5,95.8,3.47,10,4.2,0,1,1,4,5,Female,CS,87.2
0.4,96.8,1.64,5,5.8,1,1,1,1,2,Male,CS,24.9
4.5,58.9,3.63,5,4.7,1,1,1,1,2,Female,EE,51.3
8.9,61.3,3.65,3,4.6,0,1,0,1,2,Male,Physics,72.6
7.5,67.1,2.36,3,7.4,0,1,0,3,2,Female,BBA,48.0
9.9,65.0,3.15,6,4.6,1,0,0,2,3,Female,CS,64.1
5.3,51.4,2.51,9,4.6,1,0,1,3,2,Male,BBA,46.2
6.6,93.9,1.89,9,6.9,0,1,1,1,5,Male,Physics,54.7
3.0,55.2,2.82,8,6.7,0,0,1,2,2,Male,BBA,45.8
9.5,82.3,1.72,6,4.8,0,1,1,1,3,Female,BBA,54.9
3.7,44.0,3.7,5,4.0,0,1,1,5,5,Male,CS,54.3
7.4,42.3,3.81,3,5.2,0,0,0,3,3,Male,Physics,61.0
4.0,79.2,3.55,8,5.4,0,1,1,1,1,Female,CS,69.0
5.6,60.3,2.91,3,8.8,0,1,0,3,1,Female,Physics,56.4
7.2,79.3,2.89,2,9.5,0,1,0,5,3,Male,EE,68.6
5.1,45.6,3.96,9,6.4,0,1,0,5,4,Male,CS,62.4
9.1,97.0,2.12,6,6.4,1,1,0,5,5,Female,EE,59.8
4.2,84.9,1.69,3,8.3,0,0,0,3,1,Female,CS,35.7
6.5,92.6,2.9,9,7.8,0,0,0,2,3,Female,CS,65.4
3.4,48.2,2.32,10,5.1,0,1,0,2,2,Male,CS,44.8
4.1,59.2,2.31,3,4.6,0,1,1,2,3,Male,Mathematics,35.7
4.4,62.1,1.52,5,6.6,1,1,0,5,3,Male,Physics,24.0
1.3,72.2,2.99,5,7.4,0,1,0,1,2,Female,EE,50.8
0.9,57.8,2.16,7,4.8,0,0,0,5,1,Male,Mathematics,38.9
6.7,43.6,1.97,10,5.8,1,1,0,5,1,Male,EE,40.7
6.6,62.1,1.6,6,5.8,1,1,0,5,3,Male,BBA,31.8
6.6,55.3,2.41,8,5.6,1,1,0,4,2,Male,EE,54.3
0.2,63.2,3.7,6,6.8,0,1,1,5,2,Female,Physics,57.7
3.3,51.8,2.34,9,7.9,0,1,0,1,1,Male,BBA,52.7
2.0,55.7,3.2,4,7.1,1,0,1,5,1,Female,BBA,50.1
7.8,77.6,3.39,4,5.2,0,1,0,3,1,Male,Physics,74.9
8.6,63.3,2.32,4,4.6,1,1,1,5,2,Male,Mathematics,52.0
2.5,60.7,3.55,10,8.9,1,1,1,1,1,Female,CS,66.1
6.7,72.0,3.23,6,6.9,0,1,0,5,2,Female,CS,66.1
1.3,86.3,2.9,1,4.4,0,1,0,3,2,Female,EE,46.8
2.8,62.7,1.5,0,5.5,0,1,0,1,2,Male,CS,18.4
1.4,75.3,1.59,5,8.8,0,0,0,3,1,Female,Mathematics,27.1
2.8,98.0,3.98,8,8.5,1,1,0,1,1,Male,BBA,77.2
6.7,71.3,3.46,5,9.3,1,1,0,1,5,Female,CS,68.9
9.1,94.6,3.84,6,7.6,0,1,1,3,4,Male,BBA,91.1
2.0,87.6,3.76,8,6.5,1,1,1,5,1,Female,Physics,75.2
5.4,43.5,1.55,5,6.6,0,0,0,1,2,Male,Physics,25.4
7.0,65.7,3.48,9,5.2,1,1,0,2,2,Female,Physics,69.3
9.5,81.9,2.63,7,7.9,0,1,0,2,5,Male,Physics,61.1
6.1,99.2,3.47,8,7.5,1,1,0,3,5,Female,Mathematics,71.1
2.6,67.5,1.52,8,4.9,1,1,1,1,4,Female,Physics,25.4
6.3,45.6,2.22,6,9.3,0,1,0,4,1,Male,Physics,60.4
3.2,73.7,3.38,0,6.2,0,0,0,3,3,Male,Mathematics,37.4
9.8,47.6,3.48,4,4.3,1,1,0,5,3,Female,BBA,64.0
4.0,85.1,3.05,1,6.0,0,1,0,2,4,Female,Physics,53.0
6.9,70.5,2.25,5,9.2,1,1,0,3,5,Female,BBA,44.1
0.2,83.4,2.28,1,9.5,1,1,0,1,2,Female,CS,24.3
4.0,92.2,3.92,5,6.9,1,1,0,5,3,Male,CS,65.9
8.8,77.7,2.6,3,9.7,0,1,0,5,2,Male,BBA,64.7
6.1,76.7,2.62,0,9.3,0,0,1,2,2,Male,CS,44.4
4.4,85.3,2.88,1,9.0,1,1,0,3,2,Male,CS,46.5
9.4,90.5,2.52,5,9.2,0,1,1,5,4,Male,EE,71.8
8.5,92.1,2.88,0,6.3,0,1,0,2,3,Female,BBA,62.4
3.2,42.2,2.58,9,8.5,0,1,0,2,4,Male,BBA,38.5
5.4,73.4,3.57,8,7.5,1,1,1,2,4,Male,BBA,65.4
4.9,53.0,3.77,7,8.3,0,1,0,4,2,Female,BBA,67.8
6.3,91.6,3.83,1,5.1,0,1,0,2,5,Female,Physics,63.9
3.3,78.9,2.91,8,8.4,0,1,0,1,1,Male,EE,57.9
2.4,65.2,2.61,6,9.7,1,1,1,1,5,Female,BBA,33.2
9.1,51.3,3.26,4,5.8,0,1,1,5,1,Female,Mathematics,76.2
9.2,60.3,3.6,0,9.9,1,1,0,5,2,Female,EE,73.9
8.4,82.2,2.91,5,6.3,1,1,0,5,5,Female,CS,63.1
9.8,52.3,3.25,8,5.2,1,0,0,2,4,Female,CS,60.0
7.4,45.6,3.37,0,4.7,1,1,0,3,2,Male,EE,48.3
7.6,93.3,3.19,0,8.7,0,1,0,3,5,Female,EE,53.8
7.6,85.9,3.37,4,7.3,1,1,0,3,1,Female,CS,71.2
4.8,52.0,2.02,5,5.8,0,1,1,1,4,Female,EE,33.9
4.6,57.5,2.75,5,7.7,1,1,0,3,3,Female,Mathematics,39.4
2.4,98.3,2.97,4,6.0,0,0,1,1,2,Female,Physics,50.9
6.4,82.5,1.51,2,6.7,1,1,1,2,5,Female,BBA,30.6
2.9,76.6,3.64,0,9.2,1,1,1,2,4,Male,CS,53.9
2.6,58.5,3.03,0,8.0,0,1,0,4,1,Male,Mathematics,48.7
5.9,57.9,1.82,1,8.6,1,1,0,5,1,Male,CS,32.0
4.1,42.4,3.54,7,7.5,0,1,0,4,1,Female,CS,60.1
2.2,83.7,3.29,8,9.9,0,1,0,3,3,Female,BBA,61.0
8.2,42.6,3.4,4,5.4,0,1,0,3,3,Male,BBA,64.7
8.6,40.3,2.48,0,5.6,0,0,0,3,4,Male,EE,39.1
1.7,83.8,3.64,4,4.6,0,1,0,1,4,Male,Physics,50.3
0.1,96.9,2.54,10,7.3,1,0,0,5,1,Male,CS,52.9
3.4,85.4,2.93,2,7.7,0,1,1,5,3,Male,CS,54.2
8.0,68.3,1.5,5,8.4,0,1,1,2,4,Male,BBA,53.1
8.4,69.2,3.11,5,6.0,1,1,0,1,5,Male,BBA,55.8
1.4,66.2,3.3,3,4.1,1,1,1,1,2,Female,Physics,36.3
7.7,59.5,2.92,4,7.8,0,1,0,4,1,Female,CS,64.5
1.2,71.3,2.74,5,10.0,1,0,0,1,1,Female,BBA,43.5
3.9,65.9,3.52,5,5.8,0,1,1,1,2,Male,CS,59.2
10.0,75.9,3.2,7,5.1,0,1,0,4,3,Female,CS,84.1
1.9,93.9,2.2,6,5.7,0,1,0,1,2,Female,BBA,39.6
1.5,99.7,3.9,0,6.6,1,1,0,1,1,Female,Mathematics,50.1
4.2,44.7,3.27,0,5.5,0,1,0,1,2,Male,CS,43.0
6.2,63.1,3.97,4,6.1,0,1,0,4,2,Female,Physics,68.4
9.3,50.8,3.93,9,7.8,1,1,0,2,3,Female,BBA,82.2
9.8,61.1,3.8,0,6.1,0,1,0,2,1,Female,BBA,75.0
0.7,57.2,3.39,0,6.4,0,0,0,4,4,Male,Physics,28.6
1.4,50.5,3.02,7,4.2,1,1,0,1,3,Female,EE,32.6
7.9,85.8,1.93,4,9.5,1,1,0,3,2,Female,EE,50.7
2.7,69.8,2.86,2,6.4,0,1,1,3,5,Male,Mathematics,43.1
8.8,95.2,3.41,2,6.0,0,1,1,4,4,Female,CS,87.2
6.6,42.0,2.8,7,4.5,1,0,0,4,1,Female,Physics,48.6
1.1,44.0,3.67,5,7.8,0,1,1,4,1,Male,Physics,58.5
8.3,64.2,1.77,7,9.2,0,0,0,2,1,Female,Physics,54.7
1.8,44.8,2.45,3,4.2,0,1,0,1,3,Female,BBA,23.2
4.2,55.8,2.76,5,4.9,0,1,0,3,2,Male,Mathematics,46.2
5.5,99.2,2.58,9,4.9,1,1,0,1,2,Male,Physics,55.9
5.0,52.5,1.77,3,7.6,0,0,1,3,3,Female,CS,35.3
6.9,51.9,1.88,4,9.5,0,1,1,4,3,Female,EE,46.7
6.5,74.4,3.59,1,6.6,0,1,0,5,1,Male,BBA,66.2
9.9,69.9,2.71,7,6.1,0,0,0,4,1,Female,Mathematics,78.5
10.0,74.8,1.62,0,8.6,0,1,0,5,4,Male,Mathematics,49.1
5.2,62.6,1.54,2,8.5,1,1,0,3,5,Male,Physics,21.2
1.0,89.6,2.68,7,5.5,1,1,0,3,5,Female,BBA,43.9
7.3,48.3,1.91,0,5.0,0,1,1,2,5,Male,CS,22.7
9.8,65.7,3.26,10,6.1,0,1,1,4,3,Female,CS,92.8
3.2,81.4,3.49,4,8.7,0,1,1,5,5,Male,Physics,59.0
4.6,92.1,2.07,4,8.2,0,1,0,2,5,Female,BBA,43.8
4.2,62.2,2.98,5,8.0,0,1,0,1,5,Female,Mathematics,43.1
0.5,74.1,1.89,7,9.0,0,0,0,1,1,Male,BBA,28.4
6.7,44.1,2.26,5,5.7,1,1,1,4,1,Female,Physics,53.6
3.5,50.2,3.72,9,6.0,1,1,0,4,3,Male,EE,66.7
7.9,44.1,2.86,10,4.3,0,1,0,1,3,Male,CS,58.7
8.3,83.7,3.71,2,9.2,1,1,0,1,5,Male,Mathematics,67.2
8.2,57.3,2.06,7,7.5,0,1,1,4,2,Male,BBA,61.8
4.2,83.4,2.33,3,5.8,0,1,1,2,5,Male,Physics,50.4
3.2,44.0,2.68,10,4.4,1,1,0,3,5,Male,CS,26.5
7.5,91.8,2.7,2,8.3,0,1,0,2,5,Female,EE,58.9
8.0,90.1,3.99,3,8.5,0,1,1,4,1,Female,Physics,89.3
4.9,45.3,1.79,7,8.0,1,1,0,4,2,Female,Physics,24.7
8.9,41.4,3.63,8,5.2,0,1,0,1,2,Male,CS,70.6
1.4,43.4,3.66,1,9.5,1,1,0,1,4,Male,Physics,40.6
8.8,91.2,2.88,6,8.5,0,1,0,3,4,Male,CS,71.0
1.0,54.1,2.36,3,7.9,1,1,0,4,3,Female,CS,27.8
1.5,72.9,2.8,6,7.9,0,1,1,1,1,Female,Physics,56.9
5.3,65.6,2.23,6,9.4,0,1,0,1,3,Male,CS,47.0
0.7,87.7,3.5,10,9.6,0,1,0,4,4,Male,EE,65.3
0.5,69.3,2.75,10,7.6,1,0,0,3,3,Male,CS,32.6
0.0,70.0,3.81,7,6.5,0,0,0,1,2,Female,BBA,48.5
4.4,99.3,3.06,7,6.2,1,1,0,4,3,Male,CS,66.6
7.7,49.0,2.79,9,8.9,0,1,0,1,4,Male,EE,60.4
0.3,89.8,3.28,2,7.9,0,1,0,2,3,Female,EE,47.2
6.5,43.1,2.76,7,4.5,0,1,0,4,5,Male,Mathematics,49.5
8.2,68.7,3.76,8,4.9,0,1,1,2,2,Female,BBA,94.4
1.7,93.2,1.96,1,9.4,1,1,0,1,4,Female,CS,22.0
1.5,79.9,3.93,9,9.3,0,1,0,5,5,Female,BBA,75.6
8.6,81.1,3.53,7,9.7,1,0,0,2,2,Male,BBA,78.1
8.2,55.8,3.65,3,6.6,0,1,0,3,2,Female,EE,77.5
5.4,65.1,2.71,5,8.7,0,1,0,5,1,Male,BBA,55.2
8.2,62.0,3.59,5,9.0,0,1,1,5,2,Female,EE,83.7
0.9,71.3,2.27,10,5.9,1,1,0,5,1,Female,EE,41.4
3.9,67.7,3.4,10,4.9,1,0,1,2,4,Female,Mathematics,58.4
7.4,59.6,1.85,8,10.0,0,0,0,5,1,Female,EE,63.4
2.6,58.3,2.27,7,4.2,0,0,1,1,4,Female,EE,35.1
7.5,55.1,2.61,1,7.6,0,1,0,2,3,Female,CS,53.0
5.0,61.9,2.31,10,7.9,0,1,0,1,5,Male,Mathematics,44.4
7.5,49.0,2.47,1,8.1,0,1,0,3,2,Male,Mathematics,43.8
4.6,92.3,3.55,1,5.5,0,1,0,5,2,Male,Mathematics,65.9
3.7,76.1,2.14,0,8.3,1,1,1,4,2,Male,CS,37.2
2.2,48.0,3.36,10,5.3,1,1,1,5,3,Female,BBA,54.0
2.1,81.6,1.68,5,9.0,1,1,0,1,2,Male,EE,24.4
7.5,90.9,3.41,2,5.3,1,1,0,4,1,Male,Mathematics,75.2
1.2,54.3,3.48,0,8.2,0,1,0,4,5,Female,EE,34.7
0.9,49.0,2.5,4,8.7,1,1,0,3,4,Male,BBA,29.9
1.8,40.5,3.31,7,5.1,0,1,1,1,1,Female,BBA,49.2
1.8,42.8,3.79,10,5.4,0,1,0,1,4,Female,Mathematics,54.5
8.2,85.7,3.5,6,8.7,0,1,1,5,2,Female,Mathematics,92.5
4.0,99.2,2.48,6,4.5,0,1,0,2,1,Female,Physics,52.9
9.9,42.7,2.71,9,5.1,1,1,1,4,3,Female,BBA,67.4
1.4,84.9,3.45,9,6.7,1,1,0,5,4,Male,Physics,66.2
6.5,44.3,2.23,3,9.6,0,1,0,3,1,Male,Physics,47.8
4.5,75.5,3.51,10,7.4,0,1,1,2,2,Male,BBA,80.9
3.9,85.4,2.32,5,6.3,1,1,0,3,5,Female,Mathematics,41.6
8.8,61.6,3.51,10,9.9,0,0,0,2,2,Female,Physics,83.9
9.8,40.7,1.72,1,6.8,1,1,0,1,1,Male,Physics,36.0
8.7,75.7,1.61,1,6.6,1,1,0,5,3,Male,EE,44.0
1.9,99.5,3.99,9,6.5,0,1,1,2,4,Male,Mathematics,78.9
2.2,55.5,3.67,7,5.9,0,1,1,4,5,Male,BBA,50.2
6.6,51.4,3.71,1,6.0,0,1,0,4,4,Female,CS,58.5
2.9,47.4,3.88,9,8.1,0,1,1,3,1,Male,EE,70.4
7.3,73.3,2.6,1,4.2,0,1,0,3,5,Female,Physics,44.3
